timestamp,agent_id,state,pos_x,pos_y,pos_z,nodo_actual,nodo_siguiente,velocidad
2024-11-18 10:39:40.171873,0,searching,100.00,0,-100.00,0,1,0.7
2024-11-18 10:39:40.171873,0,searching,100.00,0,-99.30,0,1,0.7
2024-11-18 10:39:40.171873,0,searching,100.00,0,-98.60,0,1,0.7
2024-11-18 10:39:40.171873,0,searching,100.00,0,-97.90,0,1,0.7
2024-11-18 10:39:40.171873,0,searching,100.00,0,-97.20,0,1,0.7
2024-11-18 10:39:40.171873,0,searching,100.00,0,-96.50,0,1,0.7
2024-11-18 10:39:40.171873,0,searching,100.00,0,-95.80,0,1,0.7
2024-11-18 10:39:40.171873,0,searching,100.00,0,-95.10,0,1,0.7
2024-11-18 10:39:40.171873,0,searching,100.00,0,-94.40,0,1,0.7
2024-11-18 10:39:40.171873,0,searching,100.00,0,-93.70,0,1,0.7
2024-11-18 10:39:40.171873,0,searching,100.00,0,-93.00,0,1,0.7
2024-11-18 10:39:40.171873,0,searching,100.00,0,-92.30,0,1,0.7
2024-11-18 10:39:40.171873,0,searching,100.00,0,-91.60,0,1,0.7
2024-11-18 10:39:40.171873,0,searching,100.00,0,-90.90,0,1,0.7
2024-11-18 10:39:40.171873,0,searching,100.00,0,-90.20,0,1,0.7
2024-11-18 10:39:40.171873,0,searching,100.00,0,-89.50,0,1,0.7
2024-11-18 10:39:40.171873,0,searching,100.00,0,-88.81,0,1,0.7
2024-11-18 10:39:40.171873,0,searching,100.00,0,-88.11,0,1,0.7
2024-11-18 10:39:40.171873,0,searching,100.00,0,-87.41,0,1,0.7
2024-11-18 10:39:40.171873,0,searching,100.00,0,-86.71,0,1,0.7
2024-11-18 10:39:40.171873,0,searching,100.00,0,-86.01,0,1,0.7
2024-11-18 10:39:40.171873,0,searching,100.00,0,-85.31,0,1,0.7
2024-11-18 10:39:40.171873,0,searching,100.00,0,-84.61,0,1,0.7
2024-11-18 10:39:40.171873,0,searching,100.00,0,-83.91,0,1,0.7
2024-11-18 10:39:40.171873,0,searching,100.00,0,-83.21,0,1,0.7
2024-11-18 10:39:40.171873,0,searching,100.00,0,-82.51,0,1,0.7
2024-11-18 10:39:40.171873,0,searching,100.00,0,-81.81,0,1,0.7
2024-11-18 10:39:40.171873,0,searching,100.00,0,-81.11,0,1,0.7
2024-11-18 10:39:40.171873,0,searching,100.00,0,-80.41,0,1,0.7
2024-11-18 10:39:40.171873,0,searching,100.00,0,-79.71,0,1,0.7
2024-11-18 10:39:40.171873,0,searching,100.00,0,-79.01,0,1,0.7
2024-11-18 10:39:40.171873,0,searching,100.00,0,-78.31,0,1,0.7
2024-11-18 10:39:40.171873,0,searching,100.00,0,-77.61,0,1,0.7
2024-11-18 10:39:40.171873,0,searching,100.00,0,-76.91,0,1,0.7
2024-11-18 10:39:40.171873,0,searching,100.00,0,-76.21,0,1,0.7
2024-11-18 10:39:40.171873,0,searching,100.00,0,-75.51,0,1,0.7
2024-11-18 10:39:40.171873,0,searching,100.00,0,-74.81,0,1,0.7
2024-11-18 10:39:40.171873,0,searching,100.00,0,-74.11,0,1,0.7
2024-11-18 10:39:40.171873,0,searching,100.00,0,-73.41,0,1,0.7
2024-11-18 10:39:40.171873,0,searching,100.00,0,-72.71,0,1,0.7
2024-11-18 10:39:40.171873,0,searching,100.00,0,-72.01,0,1,0.7
2024-11-18 10:39:40.171873,0,searching,100.00,0,-71.31,0,1,0.7
2024-11-18 10:39:40.171873,0,searching,100.00,0,-70.61,0,1,0.7
2024-11-18 10:39:40.171873,0,searching,100.00,0,-69.91,0,1,0.7
2024-11-18 10:39:40.171873,0,searching,100.00,0,-69.21,0,1,0.7
2024-11-18 10:39:40.171873,0,searching,100.00,0,-68.51,0,1,0.7
2024-11-18 10:39:40.171873,0,searching,100.00,0,-67.81,0,1,0.7
2024-11-18 10:39:40.171873,0,searching,100.00,0,-67.11,0,1,0.7
2024-11-18 10:39:40.171873,0,searching,100.00,0,-66.42,0,1,0.7
2024-11-18 10:39:40.171873,0,searching,100.00,0,-65.72,0,1,0.7
2024-11-18 10:39:40.171873,0,searching,100.00,0,-65.02,0,1,0.7
2024-11-18 10:39:40.171873,0,searching,100.00,0,-64.32,0,1,0.7
2024-11-18 10:39:40.171873,0,searching,100.00,0,-63.62,0,1,0.7
2024-11-18 10:39:40.171873,0,searching,100.00,0,-62.92,0,1,0.7
2024-11-18 10:39:40.171873,0,searching,100.00,0,-62.22,0,1,0.7
2024-11-18 10:39:40.171873,0,searching,100.00,0,-61.52,0,1,0.7
2024-11-18 10:39:40.171873,0,searching,100.00,0,-60.82,0,1,0.7
2024-11-18 10:39:40.171873,0,searching,100.00,0,-60.12,0,1,0.7
2024-11-18 10:39:40.171873,0,searching,100.00,0,-59.42,0,1,0.7
2024-11-18 10:39:40.171873,0,searching,100.00,0,-58.72,0,1,0.7
2024-11-18 10:39:40.171873,0,searching,100.00,0,-58.02,0,1,0.7
2024-11-18 10:39:40.173041,0,searching,100.00,0,-57.32,0,1,0.7
2024-11-18 10:39:40.173041,0,searching,100.00,0,-56.62,0,1,0.7
2024-11-18 10:39:40.173041,0,searching,100.00,0,-55.92,0,1,0.7
2024-11-18 10:39:40.173041,0,searching,100.00,0,-55.22,0,1,0.7
2024-11-18 10:39:40.173041,0,searching,100.00,0,-54.52,0,1,0.7
2024-11-18 10:39:40.173041,0,searching,100.00,0,-53.82,0,1,0.7
2024-11-18 10:39:40.173041,0,searching,100.00,0,-53.12,0,1,0.7
2024-11-18 10:39:40.173041,0,searching,100.00,0,-52.42,0,1,0.7
2024-11-18 10:39:40.173041,0,searching,100.00,0,-51.72,0,1,0.7
2024-11-18 10:39:40.173041,0,searching,100.00,0,-51.02,0,1,0.7
2024-11-18 10:39:40.173041,0,searching,100.00,0,-50.32,0,1,0.7
2024-11-18 10:39:40.173041,0,searching,100.00,0,-49.62,0,1,0.7
2024-11-18 10:39:40.173041,0,searching,100.00,0,-48.92,0,1,0.7
2024-11-18 10:39:40.173041,0,searching,100.00,0,-48.22,0,1,0.7
2024-11-18 10:39:40.173041,0,searching,100.00,0,-47.52,0,1,0.7
2024-11-18 10:39:40.173041,0,searching,100.00,0,-46.82,0,1,0.7
2024-11-18 10:39:40.173041,0,searching,100.00,0,-46.12,0,1,0.7
2024-11-18 10:39:40.173041,0,searching,100.00,0,-45.42,0,1,0.7
2024-11-18 10:39:40.173041,0,searching,100.00,0,-44.72,0,1,0.7
2024-11-18 10:39:40.173041,0,searching,100.00,0,-44.03,0,1,0.7
2024-11-18 10:39:40.173041,0,searching,100.00,0,-43.33,0,1,0.7
2024-11-18 10:39:40.173041,0,searching,100.00,0,-42.63,0,1,0.7
2024-11-18 10:39:40.173041,0,searching,100.00,0,-41.93,0,1,0.7
2024-11-18 10:39:40.173041,0,searching,100.00,0,-41.23,0,1,0.7
2024-11-18 10:39:40.173041,0,searching,100.00,0,-40.53,0,1,0.7
2024-11-18 10:39:40.173041,0,searching,100.00,0,-39.83,0,1,0.7
2024-11-18 10:39:40.173041,0,searching,100.00,0,-39.13,0,1,0.7
2024-11-18 10:39:40.173041,0,searching,100.00,0,-38.43,0,1,0.7
2024-11-18 10:39:40.173041,0,searching,100.00,0,-37.73,0,1,0.7
2024-11-18 10:39:40.173041,0,searching,100.00,0,-37.03,0,1,0.7
2024-11-18 10:39:40.173041,0,searching,100.00,0,-36.33,0,1,0.7
2024-11-18 10:39:40.173041,0,searching,100.00,0,-35.63,0,1,0.7
2024-11-18 10:39:40.173546,0,searching,100.00,0,-34.93,0,1,0.7
2024-11-18 10:39:40.173546,0,searching,100.00,0,-34.23,0,1,0.7
2024-11-18 10:39:40.173546,0,searching,100.00,0,-33.53,0,1,0.7
2024-11-18 10:39:40.173546,0,searching,100.00,0,-32.83,0,1,0.7
2024-11-18 10:39:40.173546,0,searching,100.00,0,-32.13,0,1,0.7
2024-11-18 10:39:40.173546,0,searching,100.00,0,-31.43,0,1,0.7
2024-11-18 10:39:40.173546,0,searching,100.00,0,-30.73,0,1,0.7
2024-11-18 10:39:40.173546,0,searching,100.00,0,-30.03,0,1,0.7
2024-11-18 10:39:40.173546,0,searching,100.00,0,-29.33,0,1,0.7
2024-11-18 10:39:40.173546,0,searching,100.00,0,-28.63,0,1,0.7
2024-11-18 10:39:40.173546,0,searching,100.00,0,-27.93,0,1,0.7
2024-11-18 10:39:40.173546,0,searching,100.00,0,-27.23,0,1,0.7
2024-11-18 10:39:40.173546,0,searching,100.00,0,-26.53,0,1,0.7
2024-11-18 10:39:40.173546,0,searching,100.00,0,-25.83,0,1,0.7
2024-11-18 10:39:40.173546,0,searching,100.00,0,-25.13,0,1,0.7
2024-11-18 10:39:40.173546,0,searching,100.00,0,-24.43,0,1,0.7
2024-11-18 10:39:40.173546,0,searching,100.00,0,-23.73,0,1,0.7
2024-11-18 10:39:40.173546,0,searching,100.00,0,-23.03,0,1,0.7
2024-11-18 10:39:40.173546,0,searching,100.00,0,-22.33,0,1,0.7
2024-11-18 10:39:40.173546,0,searching,100.00,0,-21.64,0,1,0.7
2024-11-18 10:39:40.173546,0,searching,100.00,0,-20.94,0,1,0.7
2024-11-18 10:39:40.173546,0,searching,100.00,0,-20.24,0,1,0.7
2024-11-18 10:39:40.173546,0,searching,100.00,0,-19.54,0,1,0.7
2024-11-18 10:39:40.173546,0,searching,100.00,0,-18.84,0,1,0.7
2024-11-18 10:39:40.173546,0,searching,100.00,0,-18.14,0,1,0.7
2024-11-18 10:39:40.173546,0,searching,100.00,0,-17.44,0,1,0.7
2024-11-18 10:39:40.173546,0,searching,100.00,0,-16.74,0,1,0.7
2024-11-18 10:39:40.173546,0,searching,100.00,0,-16.04,0,1,0.7
2024-11-18 10:39:40.173546,0,searching,100.00,0,-15.34,0,1,0.7
2024-11-18 10:39:40.173546,0,searching,100.00,0,-14.64,0,1,0.7
2024-11-18 10:39:40.173546,0,searching,100.00,0,-13.94,0,1,0.7
2024-11-18 10:39:40.173546,0,searching,100.00,0,-13.24,0,1,0.7
2024-11-18 10:39:40.173546,0,searching,100.00,0,-12.54,0,1,0.7
2024-11-18 10:39:40.173546,0,searching,100.00,0,-11.84,0,1,0.7
2024-11-18 10:39:40.173546,0,searching,100.00,0,-11.14,0,1,0.7
2024-11-18 10:39:40.173546,0,searching,100.00,0,-10.44,0,1,0.7
2024-11-18 10:39:40.173546,0,searching,100.00,0,-9.74,0,1,0.7
2024-11-18 10:39:40.173546,0,searching,100.00,0,-9.04,0,1,0.7
2024-11-18 10:39:40.173546,0,searching,100.00,0,-8.34,0,1,0.7
2024-11-18 10:39:40.173546,0,searching,100.00,0,-7.64,0,1,0.7
2024-11-18 10:39:40.173546,0,searching,100.00,0,-6.94,0,1,0.7
2024-11-18 10:39:40.173546,0,searching,100.00,0,-6.24,0,1,0.7
2024-11-18 10:39:40.173546,0,searching,100.00,0,-5.54,0,1,0.7
2024-11-18 10:39:40.173546,0,searching,100.00,0,-4.84,0,1,0.7
2024-11-18 10:39:40.173546,0,searching,100.00,0,-4.14,0,1,0.7
2024-11-18 10:39:40.173546,0,searching,100.00,0,-3.44,0,1,0.7
2024-11-18 10:39:40.173546,0,searching,100.00,0,-2.74,0,1,0.7
2024-11-18 10:39:40.173546,0,searching,100.00,0,-2.04,0,1,0.7
2024-11-18 10:39:40.173546,0,searching,100.00,0,-1.34,0,1,0.7
2024-11-18 10:39:40.173546,0,searching,100.00,0,-0.64,0,1,0.7
2024-11-18 10:39:40.173546,0,searching,100.00,0,0.05,0,1,0.7
2024-11-18 10:39:40.173546,0,searching,100.00,0,0.75,0,1,0.7
2024-11-18 10:39:40.173546,0,searching,100.00,0,1.45,0,1,0.7
2024-11-18 10:39:40.173546,0,searching,100.00,0,2.15,0,1,0.7
2024-11-18 10:39:40.173546,0,searching,100.00,0,2.85,0,1,0.7
2024-11-18 10:39:40.173546,0,searching,100.00,0,3.55,0,1,0.7
2024-11-18 10:39:40.173546,0,searching,100.00,0,4.25,0,1,0.7
2024-11-18 10:39:40.173546,0,searching,100.00,0,4.95,0,1,0.7
2024-11-18 10:39:40.173546,0,searching,100.00,0,5.65,0,1,0.7
2024-11-18 10:39:40.173546,0,searching,100.00,0,6.35,0,1,0.7
2024-11-18 10:39:40.174547,0,searching,100.00,0,7.05,0,1,0.7
2024-11-18 10:39:40.174547,0,searching,100.00,0,7.75,0,1,0.7
2024-11-18 10:39:40.174547,0,searching,100.00,0,8.45,0,1,0.7
2024-11-18 10:39:40.174547,0,searching,100.00,0,9.15,0,1,0.7
2024-11-18 10:39:40.174547,0,searching,100.00,0,9.85,0,1,0.7
2024-11-18 10:39:40.174547,0,searching,100.00,0,10.55,0,1,0.7
2024-11-18 10:39:40.174547,0,searching,100.00,0,11.25,0,1,0.7
2024-11-18 10:39:40.174547,0,searching,100.00,0,11.95,0,1,0.7
2024-11-18 10:39:40.174547,0,searching,100.00,0,12.65,0,1,0.7
2024-11-18 10:39:40.174547,0,searching,100.00,0,13.35,0,1,0.7
2024-11-18 10:39:40.174547,0,searching,100.00,0,14.05,0,1,0.7
2024-11-18 10:39:40.174547,0,searching,100.00,0,14.75,0,1,0.7
2024-11-18 10:39:40.174547,0,searching,100.00,0,15.45,0,1,0.7
2024-11-18 10:39:40.174547,0,searching,100.00,0,16.15,0,1,0.7
2024-11-18 10:39:40.174547,0,searching,100.00,0,16.85,0,1,0.7
2024-11-18 10:39:40.174547,0,searching,100.00,0,17.55,0,1,0.7
2024-11-18 10:39:40.174547,0,searching,100.00,0,18.25,0,1,0.7
2024-11-18 10:39:40.174547,0,searching,100.00,0,18.95,0,1,0.7
2024-11-18 10:39:40.174547,0,searching,100.00,0,19.65,0,1,0.7
2024-11-18 10:39:40.174547,0,searching,100.00,0,20.35,0,1,0.7
2024-11-18 10:39:40.174547,0,searching,100.00,0,21.05,0,1,0.7
2024-11-18 10:39:40.174547,0,searching,100.00,0,21.75,0,1,0.7
2024-11-18 10:39:40.174547,0,searching,100.00,0,22.44,0,1,0.7
2024-11-18 10:39:40.174547,0,searching,100.00,0,23.14,0,1,0.7
2024-11-18 10:39:40.174547,0,searching,100.00,0,23.84,0,1,0.7
2024-11-18 10:39:40.174547,0,searching,100.00,0,24.54,0,1,0.7
2024-11-18 10:39:40.174547,0,searching,100.00,0,25.24,0,1,0.7
2024-11-18 10:39:40.174547,0,searching,100.00,0,25.94,0,1,0.7
2024-11-18 10:39:40.174547,0,searching,100.00,0,26.64,0,1,0.7
2024-11-18 10:39:40.174547,0,searching,100.00,0,27.34,0,1,0.7
2024-11-18 10:39:40.174547,0,searching,100.00,0,28.04,0,1,0.7
2024-11-18 10:39:40.174547,0,searching,100.00,0,28.74,0,1,0.7
2024-11-18 10:39:40.174547,0,searching,100.00,0,29.44,0,1,0.7
2024-11-18 10:39:40.174547,0,searching,100.00,0,30.14,0,1,0.7
2024-11-18 10:39:40.174547,0,searching,100.00,0,30.84,0,1,0.7
2024-11-18 10:39:40.174547,0,searching,100.00,0,31.54,0,1,0.7
2024-11-18 10:39:40.174547,0,searching,100.00,0,32.24,0,1,0.7
2024-11-18 10:39:40.174547,0,searching,100.00,0,32.94,0,1,0.7
2024-11-18 10:39:40.174547,0,searching,100.00,0,33.64,0,1,0.7
2024-11-18 10:39:40.174547,0,searching,100.00,0,34.34,0,1,0.7
2024-11-18 10:39:40.174547,0,searching,100.00,0,35.04,0,1,0.7
2024-11-18 10:39:40.174547,0,searching,100.00,0,35.74,0,1,0.7
2024-11-18 10:39:40.174547,0,searching,100.00,0,36.44,0,1,0.7
2024-11-18 10:39:40.174547,0,searching,100.00,0,37.14,0,1,0.7
2024-11-18 10:39:40.174547,0,searching,100.00,0,37.84,0,1,0.7
2024-11-18 10:39:40.174547,0,searching,100.00,0,38.54,0,1,0.7
2024-11-18 10:39:40.174547,0,searching,100.00,0,39.24,0,1,0.7
2024-11-18 10:39:40.174547,0,searching,100.00,0,39.94,0,1,0.7
2024-11-18 10:39:40.174547,0,searching,100.00,0,40.64,0,1,0.7
2024-11-18 10:39:40.174547,0,searching,100.00,0,41.34,0,1,0.7
2024-11-18 10:39:40.174547,0,searching,100.00,0,42.04,0,1,0.7
2024-11-18 10:39:40.174547,0,searching,100.00,0,42.74,0,1,0.7
2024-11-18 10:39:40.174547,0,searching,100.00,0,43.44,0,1,0.7
2024-11-18 10:39:40.174547,0,searching,100.00,0,44.14,0,1,0.7
2024-11-18 10:39:40.174547,0,searching,100.00,0,44.83,0,1,0.7
2024-11-18 10:39:40.174547,0,searching,100.00,0,45.53,0,1,0.7
2024-11-18 10:39:40.174547,0,searching,100.00,0,46.23,0,1,0.7
2024-11-18 10:39:40.174547,0,searching,100.00,0,46.93,0,1,0.7
2024-11-18 10:39:40.174547,0,searching,100.00,0,47.63,0,1,0.7
2024-11-18 10:39:40.174547,0,searching,100.00,0,48.33,0,1,0.7
2024-11-18 10:39:40.174547,0,searching,100.00,0,49.03,0,1,0.7
2024-11-18 10:39:40.174547,0,searching,100.00,0,49.73,0,1,0.7
2024-11-18 10:39:40.174547,0,searching,100.00,0,50.43,0,1,0.7
2024-11-18 10:39:40.175733,0,searching,100.00,0,51.13,0,1,0.7
2024-11-18 10:39:40.175733,0,searching,100.00,0,51.83,0,1,0.7
2024-11-18 10:39:40.175733,0,searching,100.00,0,52.53,0,1,0.7
2024-11-18 10:39:40.175733,0,searching,100.00,0,53.23,0,1,0.7
2024-11-18 10:39:40.175733,0,searching,100.00,0,53.93,0,1,0.7
2024-11-18 10:39:40.175733,0,searching,100.00,0,54.63,0,1,0.7
2024-11-18 10:39:40.175733,0,searching,100.00,0,55.33,0,1,0.7
2024-11-18 10:39:40.175733,0,searching,100.00,0,56.03,0,1,0.7
2024-11-18 10:39:40.175733,0,searching,100.00,0,56.73,0,1,0.7
2024-11-18 10:39:40.175733,0,searching,100.00,0,57.43,0,1,0.7
2024-11-18 10:39:40.175733,0,searching,100.00,0,58.13,0,1,0.7
2024-11-18 10:39:40.175733,0,searching,100.00,0,58.83,0,1,0.7
2024-11-18 10:39:40.175733,0,searching,100.00,0,59.53,0,1,0.7
2024-11-18 10:39:40.175733,0,searching,100.00,0,60.23,0,1,0.7
2024-11-18 10:39:40.175733,0,searching,100.00,0,60.93,0,1,0.7
2024-11-18 10:39:40.175733,0,searching,100.00,0,61.63,0,1,0.7
2024-11-18 10:39:40.175733,0,searching,100.00,0,62.33,0,1,0.7
2024-11-18 10:39:40.175733,0,searching,100.00,0,63.03,0,1,0.7
2024-11-18 10:39:40.175733,0,searching,100.00,0,63.73,0,1,0.7
2024-11-18 10:39:40.175733,0,searching,100.00,0,64.43,0,1,0.7
2024-11-18 10:39:40.175733,0,searching,100.00,0,65.13,0,1,0.7
2024-11-18 10:39:40.175733,0,searching,100.00,0,65.83,0,1,0.7
2024-11-18 10:39:40.175733,0,searching,100.00,0,66.53,0,1,0.7
2024-11-18 10:39:40.175733,0,searching,100.00,0,67.22,0,1,0.7
2024-11-18 10:39:40.175733,0,searching,100.00,0,67.92,0,1,0.7
2024-11-18 10:39:40.175733,0,searching,100.00,0,68.62,0,1,0.7
2024-11-18 10:39:40.175733,0,searching,100.00,0,69.32,0,1,0.7
2024-11-18 10:39:40.175733,0,searching,100.00,0,70.02,0,1,0.7
2024-11-18 10:39:40.175733,0,searching,100.00,0,70.72,0,1,0.7
2024-11-18 10:39:40.175733,0,searching,100.00,0,71.42,0,1,0.7
2024-11-18 10:39:40.175733,0,searching,100.00,0,72.12,0,1,0.7
2024-11-18 10:39:40.176237,0,searching,100.00,0,72.82,0,1,0.7
2024-11-18 10:39:40.176237,0,searching,100.00,0,73.52,0,1,0.7
2024-11-18 10:39:40.176237,0,searching,100.00,0,74.22,0,1,0.7
2024-11-18 10:39:40.176237,0,searching,100.00,0,74.92,0,1,0.7
2024-11-18 10:39:40.176237,0,searching,100.00,0,75.62,0,1,0.7
2024-11-18 10:39:40.176237,0,searching,100.00,0,76.32,0,1,0.7
2024-11-18 10:39:40.176237,0,searching,100.00,0,77.02,0,1,0.7
2024-11-18 10:39:40.176237,0,searching,100.00,0,77.72,0,1,0.7
2024-11-18 10:39:40.176237,0,searching,100.00,0,78.42,0,1,0.7
2024-11-18 10:39:40.176237,0,searching,100.00,0,79.12,0,1,0.7
2024-11-18 10:39:40.176237,0,searching,100.00,0,79.82,0,1,0.7
2024-11-18 10:39:40.176237,0,searching,100.00,0,80.52,0,1,0.7
2024-11-18 10:39:40.176237,0,searching,100.00,0,81.22,0,1,0.7
2024-11-18 10:39:40.176237,0,searching,100.00,0,81.92,0,1,0.7
2024-11-18 10:39:40.176237,0,searching,100.00,0,82.62,0,1,0.7
2024-11-18 10:39:40.176237,0,searching,100.00,0,83.32,0,1,0.7
2024-11-18 10:39:40.176237,0,searching,100.00,0,84.02,0,1,0.7
2024-11-18 10:39:40.176237,0,searching,100.00,0,84.72,0,1,0.7
2024-11-18 10:39:40.176237,0,searching,100.00,0,85.42,0,1,0.7
2024-11-18 10:39:40.176237,0,searching,100.00,0,86.12,0,1,0.7
2024-11-18 10:39:40.176237,0,searching,100.00,0,86.82,0,1,0.7
2024-11-18 10:39:40.176237,0,searching,100.00,0,87.52,0,1,0.7
2024-11-18 10:39:40.176237,0,searching,100.00,0,88.22,0,1,0.7
2024-11-18 10:39:40.176237,0,searching,100.00,0,88.92,0,1,0.7
2024-11-18 10:39:40.176237,0,searching,100.00,0,89.61,0,1,0.7
2024-11-18 10:39:40.176237,0,searching,100.00,0,90.31,0,1,0.7
2024-11-18 10:39:40.176237,0,searching,100.00,0,91.01,0,1,0.7
2024-11-18 10:39:40.176237,0,searching,100.00,0,91.71,0,1,0.7
2024-11-18 10:39:40.176237,0,searching,100.00,0,92.41,0,1,0.7
2024-11-18 10:39:40.176237,0,searching,100.00,0,93.11,0,1,0.7
2024-11-18 10:39:40.176237,0,searching,100.00,0,93.81,0,1,0.7
2024-11-18 10:39:40.176237,0,searching,100.00,0,94.51,0,1,0.7
2024-11-18 10:39:40.176237,0,searching,100.00,0,95.21,0,1,0.7
2024-11-18 10:39:40.176237,0,searching,100.00,0,95.91,0,1,0.7
2024-11-18 10:39:40.176237,0,searching,100.00,0,96.61,0,1,0.7
2024-11-18 10:39:40.176237,0,searching,100.00,0,97.31,0,1,0.7
2024-11-18 10:39:40.176237,0,searching,100.00,0,98.01,0,1,0.7
2024-11-18 10:39:40.176237,0,searching,100.00,0,98.71,0,1,0.7
2024-11-18 10:39:40.176237,0,searching,100.00,0,99.41,0,1,0.7
2024-11-18 10:39:40.176237,0,searching,100.00,0,100.11,1,2,0.7
2024-11-18 10:39:40.176237,0,searching,99.30,0,100.11,1,2,0.7
2024-11-18 10:39:40.176237,0,searching,98.60,0,100.11,1,2,0.7
2024-11-18 10:39:40.176237,0,searching,97.90,0,100.11,1,2,0.7
2024-11-18 10:39:40.177318,0,searching,97.20,0,100.11,1,2,0.7
2024-11-18 10:39:40.177318,0,searching,96.50,0,100.11,1,2,0.7
2024-11-18 10:39:40.177318,0,searching,95.80,0,100.11,1,2,0.7
2024-11-18 10:39:40.177318,0,searching,95.10,0,100.11,1,2,0.7
2024-11-18 10:39:40.177318,0,searching,94.40,0,100.11,1,2,0.7
2024-11-18 10:39:40.177318,0,searching,93.70,0,100.11,1,2,0.7
2024-11-18 10:39:40.177318,0,searching,93.00,0,100.11,1,2,0.7
2024-11-18 10:39:40.177318,0,searching,92.30,0,100.11,1,2,0.7
2024-11-18 10:39:40.177318,0,searching,91.60,0,100.11,1,2,0.7
2024-11-18 10:39:40.177318,0,searching,90.90,0,100.10,1,2,0.7
2024-11-18 10:39:40.177318,0,searching,90.20,0,100.10,1,2,0.7
2024-11-18 10:39:40.177318,0,searching,89.50,0,100.10,1,2,0.7
2024-11-18 10:39:40.177318,0,searching,88.80,0,100.10,1,2,0.7
2024-11-18 10:39:40.177318,0,searching,88.10,0,100.10,1,2,0.7
2024-11-18 10:39:40.177318,0,searching,87.40,0,100.10,1,2,0.7
2024-11-18 10:39:40.177318,0,searching,86.70,0,100.10,1,2,0.7
2024-11-18 10:39:40.177318,0,searching,86.00,0,100.10,1,2,0.7
2024-11-18 10:39:40.177318,0,searching,85.30,0,100.10,1,2,0.7
2024-11-18 10:39:40.177318,0,searching,84.60,0,100.10,1,2,0.7
2024-11-18 10:39:40.177318,0,searching,83.90,0,100.10,1,2,0.7
2024-11-18 10:39:40.177318,0,searching,83.20,0,100.10,1,2,0.7
2024-11-18 10:39:40.177318,0,searching,82.50,0,100.10,1,2,0.7
2024-11-18 10:39:40.177318,0,searching,81.80,0,100.10,1,2,0.7
2024-11-18 10:39:40.177318,0,searching,81.10,0,100.10,1,2,0.7
2024-11-18 10:39:40.177318,0,searching,80.40,0,100.10,1,2,0.7
2024-11-18 10:39:40.177318,0,searching,79.70,0,100.10,1,2,0.7
2024-11-18 10:39:40.177318,0,searching,79.00,0,100.10,1,2,0.7
2024-11-18 10:39:40.177318,0,searching,78.30,0,100.10,1,2,0.7
2024-11-18 10:39:40.177318,0,searching,77.60,0,100.10,1,2,0.7
2024-11-18 10:39:40.177318,0,searching,76.90,0,100.10,1,2,0.7
2024-11-18 10:39:40.177318,0,searching,76.20,0,100.10,1,2,0.7
2024-11-18 10:39:40.177318,0,searching,75.50,0,100.10,1,2,0.7
2024-11-18 10:39:40.177318,0,searching,74.80,0,100.10,1,2,0.7
2024-11-18 10:39:40.177318,0,searching,74.10,0,100.10,1,2,0.7
2024-11-18 10:39:40.177318,0,searching,73.40,0,100.10,1,2,0.7
2024-11-18 10:39:40.177318,0,searching,72.70,0,100.09,1,2,0.7
2024-11-18 10:39:40.177318,0,searching,72.00,0,100.09,1,2,0.7
2024-11-18 10:39:40.177318,0,searching,71.30,0,100.09,1,2,0.7
2024-11-18 10:39:40.178319,0,searching,70.60,0,100.09,1,2,0.7
2024-11-18 10:39:40.178319,0,searching,69.90,0,100.09,1,2,0.7
2024-11-18 10:39:40.178319,0,searching,69.20,0,100.09,1,2,0.7
2024-11-18 10:39:40.178319,0,searching,68.50,0,100.09,1,2,0.7
2024-11-18 10:39:40.178319,0,searching,67.80,0,100.09,1,2,0.7
2024-11-18 10:39:40.178319,0,searching,67.10,0,100.09,1,2,0.7
2024-11-18 10:39:40.178319,0,searching,66.40,0,100.09,1,2,0.7
2024-11-18 10:39:40.178319,0,searching,65.70,0,100.09,1,2,0.7
2024-11-18 10:39:40.178319,0,searching,65.00,0,100.09,1,2,0.7
2024-11-18 10:39:40.178319,0,searching,64.30,0,100.09,1,2,0.7
2024-11-18 10:39:40.178319,0,searching,63.60,0,100.09,1,2,0.7
2024-11-18 10:39:40.178319,0,searching,62.90,0,100.09,1,2,0.7
2024-11-18 10:39:40.178319,0,searching,62.20,0,100.09,1,2,0.7
2024-11-18 10:39:40.178319,0,searching,61.50,0,100.09,1,2,0.7
2024-11-18 10:39:40.178319,0,searching,60.80,0,100.09,1,2,0.7
2024-11-18 10:39:40.178319,0,searching,60.10,0,100.09,1,2,0.7
2024-11-18 10:39:40.178319,0,searching,59.40,0,100.09,1,2,0.7
2024-11-18 10:39:40.178319,0,searching,58.70,0,100.09,1,2,0.7
2024-11-18 10:39:40.178319,0,searching,58.00,0,100.09,1,2,0.7
2024-11-18 10:39:40.178319,0,searching,57.30,0,100.09,1,2,0.7
2024-11-18 10:39:40.178319,0,searching,56.60,0,100.09,1,2,0.7
2024-11-18 10:39:40.178319,0,searching,55.90,0,100.09,1,2,0.7
2024-11-18 10:39:40.178319,0,searching,55.20,0,100.09,1,2,0.7
2024-11-18 10:39:40.178319,0,searching,54.50,0,100.08,1,2,0.7
2024-11-18 10:39:40.178319,0,searching,53.80,0,100.08,1,2,0.7
2024-11-18 10:39:40.178319,0,searching,53.10,0,100.08,1,2,0.7
2024-11-18 10:39:40.178319,0,searching,52.40,0,100.08,1,2,0.7
2024-11-18 10:39:40.178319,0,searching,51.70,0,100.08,1,2,0.7
2024-11-18 10:39:40.178319,0,searching,51.00,0,100.08,1,2,0.7
2024-11-18 10:39:40.178319,0,searching,50.30,0,100.08,1,2,0.7
2024-11-18 10:39:40.178319,0,searching,49.60,0,100.08,1,2,0.7
2024-11-18 10:39:40.178319,0,searching,48.90,0,100.08,1,2,0.7
2024-11-18 10:39:40.178319,0,searching,48.20,0,100.08,1,2,0.7
2024-11-18 10:39:40.178319,0,searching,47.50,0,100.08,1,2,0.7
2024-11-18 10:39:40.178319,0,searching,46.80,0,100.08,1,2,0.7
2024-11-18 10:39:40.178319,0,searching,46.10,0,100.08,1,2,0.7
2024-11-18 10:39:40.178319,0,searching,45.40,0,100.08,1,2,0.7
2024-11-18 10:39:40.178319,0,searching,44.70,0,100.08,1,2,0.7
2024-11-18 10:39:40.178319,0,searching,44.00,0,100.08,1,2,0.7
2024-11-18 10:39:40.179317,0,searching,43.30,0,100.08,1,2,0.7
2024-11-18 10:39:40.179317,0,searching,42.60,0,100.08,1,2,0.7
2024-11-18 10:39:40.179317,0,searching,41.90,0,100.08,1,2,0.7
2024-11-18 10:39:40.179317,0,searching,41.20,0,100.08,1,2,0.7
2024-11-18 10:39:40.179317,0,searching,40.50,0,100.08,1,2,0.7
2024-11-18 10:39:40.179317,0,searching,39.80,0,100.08,1,2,0.7
2024-11-18 10:39:40.179317,0,searching,39.10,0,100.08,1,2,0.7
2024-11-18 10:39:40.179317,0,searching,38.40,0,100.08,1,2,0.7
2024-11-18 10:39:40.179317,0,searching,37.70,0,100.08,1,2,0.7
2024-11-18 10:39:40.179317,0,searching,37.00,0,100.08,1,2,0.7
2024-11-18 10:39:40.179317,0,searching,36.30,0,100.07,1,2,0.7
2024-11-18 10:39:40.179317,0,searching,35.60,0,100.07,1,2,0.7
2024-11-18 10:39:40.179317,0,searching,34.90,0,100.07,1,2,0.7
2024-11-18 10:39:40.179317,0,searching,34.20,0,100.07,1,2,0.7
2024-11-18 10:39:40.179317,0,searching,33.50,0,100.07,1,2,0.7
2024-11-18 10:39:40.179317,0,searching,32.80,0,100.07,1,2,0.7
2024-11-18 10:39:40.179317,0,searching,32.10,0,100.07,1,2,0.7
2024-11-18 10:39:40.179317,0,searching,31.40,0,100.07,1,2,0.7
2024-11-18 10:39:40.179317,0,searching,30.70,0,100.07,1,2,0.7
2024-11-18 10:39:40.179317,0,searching,30.00,0,100.07,1,2,0.7
2024-11-18 10:39:40.179317,0,searching,29.30,0,100.07,1,2,0.7
2024-11-18 10:39:40.179317,0,searching,28.60,0,100.07,1,2,0.7
2024-11-18 10:39:40.179317,0,searching,27.90,0,100.07,1,2,0.7
2024-11-18 10:39:40.179317,0,searching,27.20,0,100.07,1,2,0.7
2024-11-18 10:39:40.179317,0,searching,26.50,0,100.07,1,2,0.7
2024-11-18 10:39:40.179317,0,searching,25.80,0,100.07,1,2,0.7
2024-11-18 10:39:40.179317,0,searching,25.10,0,100.07,1,2,0.7
2024-11-18 10:39:40.179317,0,searching,24.40,0,100.07,1,2,0.7
2024-11-18 10:39:40.179317,0,searching,23.70,0,100.07,1,2,0.7
2024-11-18 10:39:40.179317,0,searching,23.00,0,100.07,1,2,0.7
2024-11-18 10:39:40.179317,0,searching,22.30,0,100.07,1,2,0.7
2024-11-18 10:39:40.179317,0,searching,21.60,0,100.07,1,2,0.7
2024-11-18 10:39:40.179317,0,searching,20.90,0,100.07,1,2,0.7
2024-11-18 10:39:40.180313,0,searching,20.20,0,100.07,1,2,0.7
2024-11-18 10:39:40.180313,0,searching,19.50,0,100.07,1,2,0.7
2024-11-18 10:39:40.180313,0,searching,18.80,0,100.07,1,2,0.7
2024-11-18 10:39:40.180313,0,searching,18.10,0,100.06,1,2,0.7
2024-11-18 10:39:40.180313,0,searching,17.40,0,100.06,1,2,0.7
2024-11-18 10:39:40.180313,0,searching,16.70,0,100.06,1,2,0.7
2024-11-18 10:39:40.180313,0,searching,16.00,0,100.06,1,2,0.7
2024-11-18 10:39:40.180313,0,searching,15.30,0,100.06,1,2,0.7
2024-11-18 10:39:40.180313,0,searching,14.60,0,100.06,1,2,0.7
2024-11-18 10:39:40.180313,0,searching,13.90,0,100.06,1,2,0.7
2024-11-18 10:39:40.180313,0,searching,13.20,0,100.06,1,2,0.7
2024-11-18 10:39:40.180313,0,searching,12.50,0,100.06,1,2,0.7
2024-11-18 10:39:40.180313,0,searching,11.80,0,100.06,1,2,0.7
2024-11-18 10:39:40.180313,0,searching,11.10,0,100.06,1,2,0.7
2024-11-18 10:39:40.180313,0,searching,10.40,0,100.06,1,2,0.7
2024-11-18 10:39:40.180313,0,searching,9.70,0,100.06,1,2,0.7
2024-11-18 10:39:40.180313,0,searching,9.00,0,100.06,1,2,0.7
2024-11-18 10:39:40.180313,0,searching,8.30,0,100.06,1,2,0.7
2024-11-18 10:39:40.180313,0,searching,7.60,0,100.06,1,2,0.7
2024-11-18 10:39:40.180313,0,searching,6.90,0,100.06,1,2,0.7
2024-11-18 10:39:40.180313,0,searching,6.20,0,100.06,1,2,0.7
2024-11-18 10:39:40.180313,0,searching,5.50,0,100.06,1,2,0.7
2024-11-18 10:39:40.180313,0,searching,4.80,0,100.06,1,2,0.7
2024-11-18 10:39:40.180313,0,searching,4.10,0,100.06,1,2,0.7
2024-11-18 10:39:40.180313,0,searching,3.40,0,100.06,1,2,0.7
2024-11-18 10:39:40.180313,0,searching,2.70,0,100.06,1,2,0.7
2024-11-18 10:39:40.180313,0,searching,2.00,0,100.06,1,2,0.7
2024-11-18 10:39:40.180313,0,searching,1.30,0,100.06,1,2,0.7
2024-11-18 10:39:40.180313,0,searching,0.60,0,100.06,1,2,0.7
2024-11-18 10:39:40.180313,0,searching,-0.10,0,100.05,1,2,0.7
2024-11-18 10:39:40.180313,0,searching,-0.80,0,100.05,1,2,0.7
2024-11-18 10:39:40.180313,0,searching,-1.50,0,100.05,1,2,0.7
2024-11-18 10:39:40.180313,0,searching,-2.20,0,100.05,1,2,0.7
2024-11-18 10:39:40.180313,0,searching,-2.90,0,100.05,1,2,0.7
2024-11-18 10:39:40.180313,0,searching,-3.60,0,100.05,1,2,0.7
2024-11-18 10:39:40.180313,0,searching,-4.30,0,100.05,1,2,0.7
2024-11-18 10:39:40.180313,0,searching,-5.00,0,100.05,1,2,0.7
2024-11-18 10:39:40.180313,0,searching,-5.70,0,100.05,1,2,0.7
2024-11-18 10:39:40.180313,0,searching,-6.40,0,100.05,1,2,0.7
2024-11-18 10:39:40.180313,0,searching,-7.10,0,100.05,1,2,0.7
2024-11-18 10:39:40.181311,0,searching,-7.80,0,100.05,1,2,0.7
2024-11-18 10:39:40.181311,0,searching,-8.50,0,100.05,1,2,0.7
2024-11-18 10:39:40.181311,0,searching,-9.20,0,100.05,1,2,0.7
2024-11-18 10:39:40.181311,0,searching,-9.90,0,100.05,1,2,0.7
2024-11-18 10:39:40.181311,0,searching,-10.60,0,100.05,1,2,0.7
2024-11-18 10:39:40.181311,0,searching,-11.30,0,100.05,1,2,0.7
2024-11-18 10:39:40.181311,0,searching,-12.00,0,100.05,1,2,0.7
2024-11-18 10:39:40.181311,0,searching,-12.70,0,100.05,1,2,0.7
2024-11-18 10:39:40.181311,0,searching,-13.40,0,100.05,1,2,0.7
2024-11-18 10:39:40.181311,0,searching,-14.10,0,100.05,1,2,0.7
2024-11-18 10:39:40.181311,0,searching,-14.80,0,100.05,1,2,0.7
2024-11-18 10:39:40.181311,0,searching,-15.50,0,100.05,1,2,0.7
2024-11-18 10:39:40.181311,0,searching,-16.20,0,100.05,1,2,0.7
2024-11-18 10:39:40.181311,0,searching,-16.90,0,100.05,1,2,0.7
2024-11-18 10:39:40.181311,0,searching,-17.60,0,100.05,1,2,0.7
2024-11-18 10:39:40.181311,0,searching,-18.30,0,100.04,1,2,0.7
2024-11-18 10:39:40.181311,0,searching,-19.00,0,100.04,1,2,0.7
2024-11-18 10:39:40.181311,0,searching,-19.70,0,100.04,1,2,0.7
2024-11-18 10:39:40.181311,0,searching,-20.40,0,100.04,1,2,0.7
2024-11-18 10:39:40.181311,0,searching,-21.10,0,100.04,1,2,0.7
2024-11-18 10:39:40.181311,0,searching,-21.80,0,100.04,1,2,0.7
2024-11-18 10:39:40.181311,0,searching,-22.50,0,100.04,1,2,0.7
2024-11-18 10:39:40.181311,0,searching,-23.20,0,100.04,1,2,0.7
2024-11-18 10:39:40.181311,0,searching,-23.90,0,100.04,1,2,0.7
2024-11-18 10:39:40.181311,0,searching,-24.60,0,100.04,1,2,0.7
2024-11-18 10:39:40.181311,0,searching,-25.30,0,100.04,1,2,0.7
2024-11-18 10:39:40.181311,0,searching,-26.00,0,100.04,1,2,0.7
2024-11-18 10:39:40.181311,0,searching,-26.70,0,100.04,1,2,0.7
2024-11-18 10:39:40.181311,0,searching,-27.40,0,100.04,1,2,0.7
2024-11-18 10:39:40.181311,0,searching,-28.10,0,100.04,1,2,0.7
2024-11-18 10:39:40.181311,0,searching,-28.80,0,100.04,1,2,0.7
2024-11-18 10:39:40.181311,0,searching,-29.50,0,100.04,1,2,0.7
2024-11-18 10:39:40.181311,0,searching,-30.20,0,100.04,1,2,0.7
2024-11-18 10:39:40.181311,0,searching,-30.90,0,100.04,1,2,0.7
2024-11-18 10:39:40.181311,0,searching,-31.60,0,100.04,1,2,0.7
2024-11-18 10:39:40.181311,0,searching,-32.30,0,100.04,1,2,0.7
2024-11-18 10:39:40.181311,0,searching,-33.00,0,100.04,1,2,0.7
2024-11-18 10:39:40.181311,0,searching,-33.70,0,100.04,1,2,0.7
2024-11-18 10:39:40.181311,0,searching,-34.40,0,100.04,1,2,0.7
2024-11-18 10:39:40.181311,0,searching,-35.10,0,100.04,1,2,0.7
2024-11-18 10:39:40.181311,0,searching,-35.80,0,100.04,1,2,0.7
2024-11-18 10:39:40.181311,0,searching,-36.50,0,100.03,1,2,0.7
2024-11-18 10:39:40.181311,0,searching,-37.20,0,100.03,1,2,0.7
2024-11-18 10:39:40.181311,0,searching,-37.90,0,100.03,1,2,0.7
2024-11-18 10:39:40.182308,0,searching,-38.60,0,100.03,1,2,0.7
2024-11-18 10:39:40.182308,0,searching,-39.30,0,100.03,1,2,0.7
2024-11-18 10:39:40.182308,0,searching,-40.00,0,100.03,1,2,0.7
2024-11-18 10:39:40.182308,0,searching,-40.70,0,100.03,1,2,0.7
2024-11-18 10:39:40.182308,0,searching,-41.40,0,100.03,1,2,0.7
2024-11-18 10:39:40.182308,0,searching,-42.10,0,100.03,1,2,0.7
2024-11-18 10:39:40.182308,0,searching,-42.80,0,100.03,1,2,0.7
2024-11-18 10:39:40.182308,0,searching,-43.50,0,100.03,1,2,0.7
2024-11-18 10:39:40.182308,0,searching,-44.20,0,100.03,1,2,0.7
2024-11-18 10:39:40.182308,0,searching,-44.90,0,100.03,1,2,0.7
2024-11-18 10:39:40.182308,0,searching,-45.60,0,100.03,1,2,0.7
2024-11-18 10:39:40.182308,0,searching,-46.30,0,100.03,1,2,0.7
2024-11-18 10:39:40.182308,0,searching,-47.00,0,100.03,1,2,0.7
2024-11-18 10:39:40.182308,0,searching,-47.70,0,100.03,1,2,0.7
2024-11-18 10:39:40.182308,0,searching,-48.40,0,100.03,1,2,0.7
2024-11-18 10:39:40.182308,0,searching,-49.10,0,100.03,1,2,0.7
2024-11-18 10:39:40.182308,0,searching,-49.80,0,100.03,1,2,0.7
2024-11-18 10:39:40.182308,0,searching,-50.50,0,100.03,1,2,0.7
2024-11-18 10:39:40.182308,0,searching,-51.20,0,100.03,1,2,0.7
2024-11-18 10:39:40.182308,0,searching,-51.90,0,100.03,1,2,0.7
2024-11-18 10:39:40.182308,0,searching,-52.60,0,100.03,1,2,0.7
2024-11-18 10:39:40.182308,0,searching,-53.30,0,100.03,1,2,0.7
2024-11-18 10:39:40.182308,0,searching,-54.00,0,100.03,1,2,0.7
2024-11-18 10:39:40.182308,0,searching,-54.70,0,100.02,1,2,0.7
2024-11-18 10:39:40.182308,0,searching,-55.40,0,100.02,1,2,0.7
2024-11-18 10:39:40.182308,0,searching,-56.10,0,100.02,1,2,0.7
2024-11-18 10:39:40.182308,0,searching,-56.80,0,100.02,1,2,0.7
2024-11-18 10:39:40.182308,0,searching,-57.50,0,100.02,1,2,0.7
2024-11-18 10:39:40.182308,0,searching,-58.20,0,100.02,1,2,0.7
2024-11-18 10:39:40.182308,0,searching,-58.90,0,100.02,1,2,0.7
2024-11-18 10:39:40.182308,0,searching,-59.60,0,100.02,1,2,0.7
2024-11-18 10:39:40.182308,0,searching,-60.30,0,100.02,1,2,0.7
2024-11-18 10:39:40.182308,0,searching,-61.00,0,100.02,1,2,0.7
2024-11-18 10:39:40.183305,0,searching,-61.70,0,100.02,1,2,0.7
2024-11-18 10:39:40.183305,0,searching,-62.40,0,100.02,1,2,0.7
2024-11-18 10:39:40.183305,0,searching,-63.10,0,100.02,1,2,0.7
2024-11-18 10:39:40.183305,0,searching,-63.80,0,100.02,1,2,0.7
2024-11-18 10:39:40.183305,0,searching,-64.50,0,100.02,1,2,0.7
2024-11-18 10:39:40.183305,0,searching,-65.20,0,100.02,1,2,0.7
2024-11-18 10:39:40.183305,0,searching,-65.90,0,100.02,1,2,0.7
2024-11-18 10:39:40.183305,0,searching,-66.60,0,100.02,1,2,0.7
2024-11-18 10:39:40.183305,0,searching,-67.30,0,100.02,1,2,0.7
2024-11-18 10:39:40.183305,0,searching,-68.00,0,100.02,1,2,0.7
2024-11-18 10:39:40.183305,0,searching,-68.70,0,100.02,1,2,0.7
2024-11-18 10:39:40.183305,0,searching,-69.40,0,100.02,1,2,0.7
2024-11-18 10:39:40.183305,0,searching,-70.10,0,100.02,1,2,0.7
2024-11-18 10:39:40.183305,0,searching,-70.80,0,100.02,1,2,0.7
2024-11-18 10:39:40.183305,0,searching,-71.50,0,100.02,1,2,0.7
2024-11-18 10:39:40.183305,0,searching,-72.20,0,100.02,1,2,0.7
2024-11-18 10:39:40.183305,0,searching,-72.90,0,100.01,1,2,0.7
2024-11-18 10:39:40.183305,0,searching,-73.60,0,100.01,1,2,0.7
2024-11-18 10:39:40.183305,0,searching,-74.30,0,100.01,1,2,0.7
2024-11-18 10:39:40.183305,0,searching,-75.00,0,100.01,1,2,0.7
2024-11-18 10:39:40.183305,0,searching,-75.70,0,100.01,1,2,0.7
2024-11-18 10:39:40.183305,0,searching,-76.40,0,100.01,1,2,0.7
2024-11-18 10:39:40.183305,0,searching,-77.10,0,100.01,1,2,0.7
2024-11-18 10:39:40.183305,0,searching,-77.80,0,100.01,1,2,0.7
2024-11-18 10:39:40.183305,0,searching,-78.50,0,100.01,1,2,0.7
2024-11-18 10:39:40.183305,0,searching,-79.20,0,100.01,1,2,0.7
2024-11-18 10:39:40.183305,0,searching,-79.90,0,100.01,1,2,0.7
2024-11-18 10:39:40.183305,0,searching,-80.60,0,100.01,1,2,0.7
2024-11-18 10:39:40.183305,0,searching,-81.30,0,100.01,1,2,0.7
2024-11-18 10:39:40.183305,0,searching,-82.00,0,100.01,1,2,0.7
2024-11-18 10:39:40.183305,0,searching,-82.70,0,100.01,1,2,0.7
2024-11-18 10:39:40.183305,0,searching,-83.40,0,100.01,1,2,0.7
2024-11-18 10:39:40.183305,0,searching,-84.10,0,100.01,1,2,0.7
2024-11-18 10:39:40.183305,0,searching,-84.80,0,100.01,1,2,0.7
2024-11-18 10:39:40.183305,0,searching,-85.50,0,100.01,1,2,0.7
2024-11-18 10:39:40.183305,0,searching,-86.20,0,100.01,1,2,0.7
2024-11-18 10:39:40.183305,0,searching,-86.90,0,100.01,1,2,0.7
2024-11-18 10:39:40.183305,0,searching,-87.60,0,100.01,1,2,0.7
2024-11-18 10:39:40.183305,0,searching,-88.30,0,100.01,1,2,0.7
2024-11-18 10:39:40.183305,0,searching,-89.00,0,100.01,1,2,0.7
2024-11-18 10:39:40.183305,0,searching,-89.70,0,100.01,1,2,0.7
2024-11-18 10:39:40.183305,0,searching,-90.40,0,100.01,1,2,0.7
2024-11-18 10:39:40.183305,0,searching,-91.10,0,100.00,1,2,0.7
2024-11-18 10:39:40.183305,0,searching,-91.80,0,100.00,1,2,0.7
2024-11-18 10:39:40.183305,0,searching,-92.50,0,100.00,1,2,0.7
2024-11-18 10:39:40.183305,0,searching,-93.20,0,100.00,1,2,0.7
2024-11-18 10:39:40.183305,0,searching,-93.90,0,100.00,1,2,0.7
2024-11-18 10:39:40.183305,0,searching,-94.60,0,100.00,1,2,0.7
2024-11-18 10:39:40.183305,0,searching,-95.30,0,100.00,1,2,0.7
2024-11-18 10:39:40.183305,0,searching,-96.00,0,100.00,1,2,0.7
2024-11-18 10:39:40.183305,0,searching,-96.70,0,100.00,1,2,0.7
2024-11-18 10:39:40.183305,0,searching,-97.40,0,100.00,1,2,0.7
2024-11-18 10:39:40.183305,0,searching,-98.10,0,100.00,1,2,0.7
2024-11-18 10:39:40.184303,0,searching,-98.80,0,100.00,1,2,0.7
2024-11-18 10:39:40.184303,0,searching,-99.50,0,100.00,1,2,0.7
2024-11-18 10:39:40.184303,0,searching,-100.20,0,100.00,2,3,0.7
2024-11-18 10:39:40.184303,0,searching,-100.20,0,99.30,2,3,0.7
2024-11-18 10:39:40.184303,0,searching,-100.20,0,98.60,2,3,0.7
2024-11-18 10:39:40.184303,0,searching,-100.20,0,97.90,2,3,0.7
2024-11-18 10:39:40.184303,0,searching,-100.20,0,97.20,2,3,0.7
2024-11-18 10:39:40.184303,0,searching,-100.20,0,96.50,2,3,0.7
2024-11-18 10:39:40.184303,0,searching,-100.20,0,95.80,2,3,0.7
2024-11-18 10:39:40.184303,0,searching,-100.19,0,95.10,2,3,0.7
2024-11-18 10:39:40.184303,0,searching,-100.19,0,94.40,2,3,0.7
2024-11-18 10:39:40.184303,0,searching,-100.19,0,93.70,2,3,0.7
2024-11-18 10:39:40.184303,0,searching,-100.19,0,93.00,2,3,0.7
2024-11-18 10:39:40.184303,0,searching,-100.19,0,92.30,2,3,0.7
2024-11-18 10:39:40.184303,0,searching,-100.19,0,91.60,2,3,0.7
2024-11-18 10:39:40.184303,0,searching,-100.19,0,90.90,2,3,0.7
2024-11-18 10:39:40.184303,0,searching,-100.19,0,90.20,2,3,0.7
2024-11-18 10:39:40.184303,0,searching,-100.19,0,89.50,2,3,0.7
2024-11-18 10:39:40.184303,0,searching,-100.19,0,88.80,2,3,0.7
2024-11-18 10:39:40.184303,0,searching,-100.19,0,88.10,2,3,0.7
2024-11-18 10:39:40.184303,0,searching,-100.19,0,87.40,2,3,0.7
2024-11-18 10:39:40.184303,0,searching,-100.18,0,86.70,2,3,0.7
2024-11-18 10:39:40.184303,0,searching,-100.18,0,86.00,2,3,0.7
2024-11-18 10:39:40.184303,0,searching,-100.18,0,85.30,2,3,0.7
2024-11-18 10:39:40.184303,0,searching,-100.18,0,84.60,2,3,0.7
2024-11-18 10:39:40.184303,0,searching,-100.18,0,83.90,2,3,0.7
2024-11-18 10:39:40.184303,0,searching,-100.18,0,83.20,2,3,0.7
2024-11-18 10:39:40.184303,0,searching,-100.18,0,82.50,2,3,0.7
2024-11-18 10:39:40.184303,0,searching,-100.18,0,81.80,2,3,0.7
2024-11-18 10:39:40.184303,0,searching,-100.18,0,81.10,2,3,0.7
2024-11-18 10:39:40.184303,0,searching,-100.18,0,80.40,2,3,0.7
2024-11-18 10:39:40.184303,0,searching,-100.18,0,79.70,2,3,0.7
2024-11-18 10:39:40.184303,0,searching,-100.18,0,79.00,2,3,0.7
2024-11-18 10:39:40.184303,0,searching,-100.17,0,78.30,2,3,0.7
2024-11-18 10:39:40.184303,0,searching,-100.17,0,77.60,2,3,0.7
2024-11-18 10:39:40.184303,0,searching,-100.17,0,76.90,2,3,0.7
2024-11-18 10:39:40.184303,0,searching,-100.17,0,76.20,2,3,0.7
2024-11-18 10:39:40.184303,0,searching,-100.17,0,75.50,2,3,0.7
2024-11-18 10:39:40.184303,0,searching,-100.17,0,74.80,2,3,0.7
2024-11-18 10:39:40.184303,0,searching,-100.17,0,74.10,2,3,0.7
2024-11-18 10:39:40.184303,0,searching,-100.17,0,73.40,2,3,0.7
2024-11-18 10:39:40.184303,0,searching,-100.17,0,72.70,2,3,0.7
2024-11-18 10:39:40.184303,0,searching,-100.17,0,72.00,2,3,0.7
2024-11-18 10:39:40.184303,0,searching,-100.17,0,71.30,2,3,0.7
2024-11-18 10:39:40.184303,0,searching,-100.17,0,70.60,2,3,0.7
2024-11-18 10:39:40.184303,0,searching,-100.16,0,69.90,2,3,0.7
2024-11-18 10:39:40.184303,0,searching,-100.16,0,69.20,2,3,0.7
2024-11-18 10:39:40.184303,0,searching,-100.16,0,68.50,2,3,0.7
2024-11-18 10:39:40.184303,0,searching,-100.16,0,67.80,2,3,0.7
2024-11-18 10:39:40.184303,0,searching,-100.16,0,67.10,2,3,0.7
2024-11-18 10:39:40.184303,0,searching,-100.16,0,66.40,2,3,0.7
2024-11-18 10:39:40.184303,0,searching,-100.16,0,65.70,2,3,0.7
2024-11-18 10:39:40.184303,0,searching,-100.16,0,65.00,2,3,0.7
2024-11-18 10:39:40.184303,0,searching,-100.16,0,64.30,2,3,0.7
2024-11-18 10:39:40.184303,0,searching,-100.16,0,63.60,2,3,0.7
2024-11-18 10:39:40.184303,0,searching,-100.16,0,62.90,2,3,0.7
2024-11-18 10:39:40.184303,0,searching,-100.16,0,62.20,2,3,0.7
2024-11-18 10:39:40.184303,0,searching,-100.15,0,61.50,2,3,0.7
2024-11-18 10:39:40.184303,0,searching,-100.15,0,60.80,2,3,0.7
2024-11-18 10:39:40.184303,0,searching,-100.15,0,60.10,2,3,0.7
2024-11-18 10:39:40.184303,0,searching,-100.15,0,59.40,2,3,0.7
2024-11-18 10:39:40.184303,0,searching,-100.15,0,58.70,2,3,0.7
2024-11-18 10:39:40.184303,0,searching,-100.15,0,58.00,2,3,0.7
2024-11-18 10:39:40.184303,0,searching,-100.15,0,57.30,2,3,0.7
2024-11-18 10:39:40.184303,0,searching,-100.15,0,56.60,2,3,0.7
2024-11-18 10:39:40.184303,0,searching,-100.15,0,55.90,2,3,0.7
2024-11-18 10:39:40.184303,0,searching,-100.15,0,55.20,2,3,0.7
2024-11-18 10:39:40.185449,0,searching,-100.15,0,54.50,2,3,0.7
2024-11-18 10:39:40.185449,0,searching,-100.15,0,53.80,2,3,0.7
2024-11-18 10:39:40.185449,0,searching,-100.14,0,53.10,2,3,0.7
2024-11-18 10:39:40.185449,0,searching,-100.14,0,52.40,2,3,0.7
2024-11-18 10:39:40.185449,0,searching,-100.14,0,51.70,2,3,0.7
2024-11-18 10:39:40.185449,0,searching,-100.14,0,51.00,2,3,0.7
2024-11-18 10:39:40.185449,0,searching,-100.14,0,50.30,2,3,0.7
2024-11-18 10:39:40.185449,0,searching,-100.14,0,49.60,2,3,0.7
2024-11-18 10:39:40.185449,0,searching,-100.14,0,48.90,2,3,0.7
2024-11-18 10:39:40.185449,0,searching,-100.14,0,48.20,2,3,0.7
2024-11-18 10:39:40.185449,0,searching,-100.14,0,47.50,2,3,0.7
2024-11-18 10:39:40.185449,0,searching,-100.14,0,46.80,2,3,0.7
2024-11-18 10:39:40.185449,0,searching,-100.14,0,46.10,2,3,0.7
2024-11-18 10:39:40.185449,0,searching,-100.14,0,45.40,2,3,0.7
2024-11-18 10:39:40.185449,0,searching,-100.13,0,44.70,2,3,0.7
2024-11-18 10:39:40.185449,0,searching,-100.13,0,44.00,2,3,0.7
2024-11-18 10:39:40.185449,0,searching,-100.13,0,43.30,2,3,0.7
2024-11-18 10:39:40.185449,0,searching,-100.13,0,42.60,2,3,0.7
2024-11-18 10:39:40.185449,0,searching,-100.13,0,41.90,2,3,0.7
2024-11-18 10:39:40.185449,0,searching,-100.13,0,41.20,2,3,0.7
2024-11-18 10:39:40.185449,0,searching,-100.13,0,40.50,2,3,0.7
2024-11-18 10:39:40.185449,0,searching,-100.13,0,39.80,2,3,0.7
2024-11-18 10:39:40.185449,0,searching,-100.13,0,39.10,2,3,0.7
2024-11-18 10:39:40.185449,0,searching,-100.13,0,38.40,2,3,0.7
2024-11-18 10:39:40.185449,0,searching,-100.13,0,37.70,2,3,0.7
2024-11-18 10:39:40.185449,0,searching,-100.13,0,37.00,2,3,0.7
2024-11-18 10:39:40.185449,0,searching,-100.13,0,36.30,2,3,0.7
2024-11-18 10:39:40.185449,0,searching,-100.12,0,35.60,2,3,0.7
2024-11-18 10:39:40.185449,0,searching,-100.12,0,34.90,2,3,0.7
2024-11-18 10:39:40.185449,0,searching,-100.12,0,34.20,2,3,0.7
2024-11-18 10:39:40.185449,0,searching,-100.12,0,33.50,2,3,0.7
2024-11-18 10:39:40.185449,0,searching,-100.12,0,32.80,2,3,0.7
2024-11-18 10:39:40.185449,0,searching,-100.12,0,32.10,2,3,0.7
2024-11-18 10:39:40.185449,0,searching,-100.12,0,31.40,2,3,0.7
2024-11-18 10:39:40.185449,0,searching,-100.12,0,30.70,2,3,0.7
2024-11-18 10:39:40.185449,0,searching,-100.12,0,30.00,2,3,0.7
2024-11-18 10:39:40.185449,0,searching,-100.12,0,29.30,2,3,0.7
2024-11-18 10:39:40.186508,0,searching,-100.12,0,28.60,2,3,0.7
2024-11-18 10:39:40.186508,0,searching,-100.12,0,27.90,2,3,0.7
2024-11-18 10:39:40.186508,0,searching,-100.11,0,27.20,2,3,0.7
2024-11-18 10:39:40.186508,0,searching,-100.11,0,26.50,2,3,0.7
2024-11-18 10:39:40.186508,0,searching,-100.11,0,25.80,2,3,0.7
2024-11-18 10:39:40.186508,0,searching,-100.11,0,25.10,2,3,0.7
2024-11-18 10:39:40.186508,0,searching,-100.11,0,24.40,2,3,0.7
2024-11-18 10:39:40.186508,0,searching,-100.11,0,23.70,2,3,0.7
2024-11-18 10:39:40.186508,0,searching,-100.11,0,23.00,2,3,0.7
2024-11-18 10:39:40.186508,0,searching,-100.11,0,22.30,2,3,0.7
2024-11-18 10:39:40.186508,0,searching,-100.11,0,21.60,2,3,0.7
2024-11-18 10:39:40.186508,0,searching,-100.11,0,20.90,2,3,0.7
2024-11-18 10:39:40.186508,0,searching,-100.11,0,20.20,2,3,0.7
2024-11-18 10:39:40.186508,0,searching,-100.11,0,19.50,2,3,0.7
2024-11-18 10:39:40.186508,0,searching,-100.10,0,18.80,2,3,0.7
2024-11-18 10:39:40.186508,0,searching,-100.10,0,18.10,2,3,0.7
2024-11-18 10:39:40.186508,0,searching,-100.10,0,17.40,2,3,0.7
2024-11-18 10:39:40.186508,0,searching,-100.10,0,16.70,2,3,0.7
2024-11-18 10:39:40.186508,0,searching,-100.10,0,16.00,2,3,0.7
2024-11-18 10:39:40.186508,0,searching,-100.10,0,15.30,2,3,0.7
2024-11-18 10:39:40.186508,0,searching,-100.10,0,14.60,2,3,0.7
2024-11-18 10:39:40.186508,0,searching,-100.10,0,13.90,2,3,0.7
2024-11-18 10:39:40.186508,0,searching,-100.10,0,13.20,2,3,0.7
2024-11-18 10:39:40.186508,0,searching,-100.10,0,12.50,2,3,0.7
2024-11-18 10:39:40.186508,0,searching,-100.10,0,11.80,2,3,0.7
2024-11-18 10:39:40.186508,0,searching,-100.10,0,11.10,2,3,0.7
2024-11-18 10:39:40.186508,0,searching,-100.09,0,10.40,2,3,0.7
2024-11-18 10:39:40.186508,0,searching,-100.09,0,9.70,2,3,0.7
2024-11-18 10:39:40.186508,0,searching,-100.09,0,9.00,2,3,0.7
2024-11-18 10:39:40.186508,0,searching,-100.09,0,8.30,2,3,0.7
2024-11-18 10:39:40.186508,0,searching,-100.09,0,7.60,2,3,0.7
2024-11-18 10:39:40.186508,0,searching,-100.09,0,6.90,2,3,0.7
2024-11-18 10:39:40.187961,0,searching,-100.09,0,6.20,2,3,0.7
2024-11-18 10:39:40.187961,0,searching,-100.09,0,5.50,2,3,0.7
2024-11-18 10:39:40.187961,0,searching,-100.09,0,4.80,2,3,0.7
2024-11-18 10:39:40.187961,0,searching,-100.09,0,4.10,2,3,0.7
2024-11-18 10:39:40.187961,0,searching,-100.09,0,3.40,2,3,0.7
2024-11-18 10:39:40.187961,0,searching,-100.09,0,2.70,2,3,0.7
2024-11-18 10:39:40.187961,0,searching,-100.08,0,2.00,2,3,0.7
2024-11-18 10:39:40.187961,0,searching,-100.08,0,1.30,2,3,0.7
2024-11-18 10:39:40.187961,0,searching,-100.08,0,0.60,2,3,0.7
2024-11-18 10:39:40.187961,0,searching,-100.08,0,-0.10,2,3,0.7
2024-11-18 10:39:40.187961,0,searching,-100.08,0,-0.80,2,3,0.7
2024-11-18 10:39:40.187961,0,searching,-100.08,0,-1.50,2,3,0.7
2024-11-18 10:39:40.187961,0,searching,-100.08,0,-2.20,2,3,0.7
2024-11-18 10:39:40.187961,0,searching,-100.08,0,-2.90,2,3,0.7
2024-11-18 10:39:40.187961,0,searching,-100.08,0,-3.60,2,3,0.7
2024-11-18 10:39:40.187961,0,searching,-100.08,0,-4.30,2,3,0.7
2024-11-18 10:39:40.187961,0,searching,-100.08,0,-5.00,2,3,0.7
2024-11-18 10:39:40.187961,0,searching,-100.08,0,-5.70,2,3,0.7
2024-11-18 10:39:40.187961,0,searching,-100.07,0,-6.40,2,3,0.7
2024-11-18 10:39:40.187961,0,searching,-100.07,0,-7.10,2,3,0.7
2024-11-18 10:39:40.187961,0,searching,-100.07,0,-7.80,2,3,0.7
2024-11-18 10:39:40.187961,0,searching,-100.07,0,-8.50,2,3,0.7
2024-11-18 10:39:40.187961,0,searching,-100.07,0,-9.20,2,3,0.7
2024-11-18 10:39:40.187961,0,searching,-100.07,0,-9.90,2,3,0.7
2024-11-18 10:39:40.187961,0,searching,-100.07,0,-10.60,2,3,0.7
2024-11-18 10:39:40.187961,0,searching,-100.07,0,-11.30,2,3,0.7
2024-11-18 10:39:40.187961,0,searching,-100.07,0,-12.00,2,3,0.7
2024-11-18 10:39:40.187961,0,searching,-100.07,0,-12.70,2,3,0.7
2024-11-18 10:39:40.187961,0,searching,-100.07,0,-13.40,2,3,0.7
2024-11-18 10:39:40.187961,0,searching,-100.07,0,-14.10,2,3,0.7
2024-11-18 10:39:40.187961,0,searching,-100.06,0,-14.80,2,3,0.7
2024-11-18 10:39:40.187961,0,searching,-100.06,0,-15.50,2,3,0.7
2024-11-18 10:39:40.187961,0,searching,-100.06,0,-16.20,2,3,0.7
2024-11-18 10:39:40.187961,0,searching,-100.06,0,-16.90,2,3,0.7
2024-11-18 10:39:40.187961,0,searching,-100.06,0,-17.60,2,3,0.7
2024-11-18 10:39:40.187961,0,searching,-100.06,0,-18.30,2,3,0.7
2024-11-18 10:39:40.187961,0,searching,-100.06,0,-19.00,2,3,0.7
2024-11-18 10:39:40.187961,0,searching,-100.06,0,-19.70,2,3,0.7
2024-11-18 10:39:40.187961,0,searching,-100.06,0,-20.40,2,3,0.7
2024-11-18 10:39:40.187961,0,searching,-100.06,0,-21.10,2,3,0.7
2024-11-18 10:39:40.187961,0,searching,-100.06,0,-21.80,2,3,0.7
2024-11-18 10:39:40.187961,0,searching,-100.06,0,-22.50,2,3,0.7
2024-11-18 10:39:40.187961,0,searching,-100.06,0,-23.20,2,3,0.7
2024-11-18 10:39:40.187961,0,searching,-100.05,0,-23.90,2,3,0.7
2024-11-18 10:39:40.187961,0,searching,-100.05,0,-24.60,2,3,0.7
2024-11-18 10:39:40.187961,0,searching,-100.05,0,-25.30,2,3,0.7
2024-11-18 10:39:40.187961,0,searching,-100.05,0,-26.00,2,3,0.7
2024-11-18 10:39:40.187961,0,searching,-100.05,0,-26.70,2,3,0.7
2024-11-18 10:39:40.187961,0,searching,-100.05,0,-27.40,2,3,0.7
2024-11-18 10:39:40.187961,0,searching,-100.05,0,-28.10,2,3,0.7
2024-11-18 10:39:40.187961,0,searching,-100.05,0,-28.80,2,3,0.7
2024-11-18 10:39:40.187961,0,searching,-100.05,0,-29.50,2,3,0.7
2024-11-18 10:39:40.187961,0,searching,-100.05,0,-30.20,2,3,0.7
2024-11-18 10:39:40.187961,0,searching,-100.05,0,-30.90,2,3,0.7
2024-11-18 10:39:40.187961,0,searching,-100.05,0,-31.60,2,3,0.7
2024-11-18 10:39:40.187961,0,searching,-100.04,0,-32.30,2,3,0.7
2024-11-18 10:39:40.187961,0,searching,-100.04,0,-33.00,2,3,0.7
2024-11-18 10:39:40.187961,0,searching,-100.04,0,-33.70,2,3,0.7
2024-11-18 10:39:40.187961,0,searching,-100.04,0,-34.40,2,3,0.7
2024-11-18 10:39:40.187961,0,searching,-100.04,0,-35.10,2,3,0.7
2024-11-18 10:39:40.187961,0,searching,-100.04,0,-35.80,2,3,0.7
2024-11-18 10:39:40.187961,0,searching,-100.04,0,-36.50,2,3,0.7
2024-11-18 10:39:40.188987,0,searching,-100.04,0,-37.20,2,3,0.7
2024-11-18 10:39:40.188987,0,searching,-100.04,0,-37.90,2,3,0.7
2024-11-18 10:39:40.188987,0,searching,-100.04,0,-38.60,2,3,0.7
2024-11-18 10:39:40.188987,0,searching,-100.04,0,-39.30,2,3,0.7
2024-11-18 10:39:40.188987,0,searching,-100.04,0,-40.00,2,3,0.7
2024-11-18 10:39:40.188987,0,searching,-100.03,0,-40.70,2,3,0.7
2024-11-18 10:39:40.188987,0,searching,-100.03,0,-41.40,2,3,0.7
2024-11-18 10:39:40.188987,0,searching,-100.03,0,-42.10,2,3,0.7
2024-11-18 10:39:40.188987,0,searching,-100.03,0,-42.80,2,3,0.7
2024-11-18 10:39:40.188987,0,searching,-100.03,0,-43.50,2,3,0.7
2024-11-18 10:39:40.188987,0,searching,-100.03,0,-44.20,2,3,0.7
2024-11-18 10:39:40.188987,0,searching,-100.03,0,-44.90,2,3,0.7
2024-11-18 10:39:40.188987,0,searching,-100.03,0,-45.60,2,3,0.7
2024-11-18 10:39:40.188987,0,searching,-100.03,0,-46.30,2,3,0.7
2024-11-18 10:39:40.188987,0,searching,-100.03,0,-47.00,2,3,0.7
2024-11-18 10:39:40.188987,0,searching,-100.03,0,-47.70,2,3,0.7
2024-11-18 10:39:40.188987,0,searching,-100.03,0,-48.40,2,3,0.7
2024-11-18 10:39:40.188987,0,searching,-100.02,0,-49.10,2,3,0.7
2024-11-18 10:39:40.188987,0,searching,-100.02,0,-49.80,2,3,0.7
2024-11-18 10:39:40.188987,0,searching,-100.02,0,-50.50,2,3,0.7
2024-11-18 10:39:40.188987,0,searching,-100.02,0,-51.20,2,3,0.7
2024-11-18 10:39:40.188987,0,searching,-100.02,0,-51.90,2,3,0.7
2024-11-18 10:39:40.188987,0,searching,-100.02,0,-52.60,2,3,0.7
2024-11-18 10:39:40.188987,0,searching,-100.02,0,-53.30,2,3,0.7
2024-11-18 10:39:40.188987,0,searching,-100.02,0,-54.00,2,3,0.7
2024-11-18 10:39:40.188987,0,searching,-100.02,0,-54.70,2,3,0.7
2024-11-18 10:39:40.188987,0,searching,-100.02,0,-55.40,2,3,0.7
2024-11-18 10:39:40.188987,0,searching,-100.02,0,-56.10,2,3,0.7
2024-11-18 10:39:40.188987,0,searching,-100.02,0,-56.80,2,3,0.7
2024-11-18 10:39:40.188987,0,searching,-100.01,0,-57.50,2,3,0.7
2024-11-18 10:39:40.188987,0,searching,-100.01,0,-58.20,2,3,0.7
2024-11-18 10:39:40.188987,0,searching,-100.01,0,-58.90,2,3,0.7
2024-11-18 10:39:40.188987,0,searching,-100.01,0,-59.60,2,3,0.7
2024-11-18 10:39:40.188987,0,searching,-100.01,0,-60.30,2,3,0.7
2024-11-18 10:39:40.188987,0,searching,-100.01,0,-61.00,2,3,0.7
2024-11-18 10:39:40.188987,0,searching,-100.01,0,-61.70,2,3,0.7
2024-11-18 10:39:40.188987,0,searching,-100.01,0,-62.40,2,3,0.7
2024-11-18 10:39:40.188987,0,searching,-100.01,0,-63.10,2,3,0.7
2024-11-18 10:39:40.188987,0,searching,-100.01,0,-63.80,2,3,0.7
2024-11-18 10:39:40.188987,0,searching,-100.01,0,-64.50,2,3,0.7
2024-11-18 10:39:40.188987,0,searching,-100.01,0,-65.20,2,3,0.7
2024-11-18 10:39:40.188987,0,searching,-100.00,0,-65.90,2,3,0.7
2024-11-18 10:39:40.188987,0,searching,-100.00,0,-66.60,2,3,0.7
2024-11-18 10:39:40.188987,0,searching,-100.00,0,-67.30,2,3,0.7
2024-11-18 10:39:40.188987,0,searching,-100.00,0,-68.00,2,3,0.7
2024-11-18 10:39:40.188987,0,searching,-100.00,0,-68.70,2,3,0.7
2024-11-18 10:39:40.188987,0,searching,-100.00,0,-69.40,2,3,0.7
2024-11-18 10:39:40.188987,0,searching,-100.00,0,-70.10,3,4,0.7
2024-11-18 10:39:40.188987,0,searching,-99.30,0,-70.10,3,4,0.7
2024-11-18 10:39:40.188987,0,searching,-98.60,0,-70.10,3,4,0.7
2024-11-18 10:39:40.188987,0,searching,-97.90,0,-70.09,3,4,0.7
2024-11-18 10:39:40.188987,0,searching,-97.20,0,-70.09,3,4,0.7
2024-11-18 10:39:40.188987,0,searching,-96.50,0,-70.09,3,4,0.7
2024-11-18 10:39:40.188987,0,searching,-95.80,0,-70.09,3,4,0.7
2024-11-18 10:39:40.188987,0,searching,-95.10,0,-70.08,3,4,0.7
2024-11-18 10:39:40.188987,0,searching,-94.40,0,-70.08,3,4,0.7
2024-11-18 10:39:40.188987,0,searching,-93.70,0,-70.08,3,4,0.7
2024-11-18 10:39:40.188987,0,searching,-93.00,0,-70.08,3,4,0.7
2024-11-18 10:39:40.188987,0,searching,-92.30,0,-70.07,3,4,0.7
2024-11-18 10:39:40.188987,0,searching,-91.60,0,-70.07,3,4,0.7
2024-11-18 10:39:40.188987,0,searching,-90.90,0,-70.07,3,4,0.7
2024-11-18 10:39:40.188987,0,searching,-90.20,0,-70.07,3,4,0.7
2024-11-18 10:39:40.188987,0,searching,-89.50,0,-70.06,3,4,0.7
2024-11-18 10:39:40.188987,0,searching,-88.80,0,-70.06,3,4,0.7
2024-11-18 10:39:40.189983,0,searching,-88.10,0,-70.06,3,4,0.7
2024-11-18 10:39:40.189983,0,searching,-87.40,0,-70.06,3,4,0.7
2024-11-18 10:39:40.189983,0,searching,-86.70,0,-70.06,3,4,0.7
2024-11-18 10:39:40.189983,0,searching,-86.00,0,-70.05,3,4,0.7
2024-11-18 10:39:40.189983,0,searching,-85.30,0,-70.05,3,4,0.7
2024-11-18 10:39:40.189983,0,searching,-84.60,0,-70.05,3,4,0.7
2024-11-18 10:39:40.189983,0,searching,-83.90,0,-70.05,3,4,0.7
2024-11-18 10:39:40.189983,0,searching,-83.20,0,-70.04,3,4,0.7
2024-11-18 10:39:40.189983,0,searching,-82.50,0,-70.04,3,4,0.7
2024-11-18 10:39:40.189983,0,searching,-81.80,0,-70.04,3,4,0.7
2024-11-18 10:39:40.189983,0,searching,-81.10,0,-70.04,3,4,0.7
2024-11-18 10:39:40.189983,0,searching,-80.40,0,-70.03,3,4,0.7
2024-11-18 10:39:40.189983,0,searching,-79.70,0,-70.03,3,4,0.7
2024-11-18 10:39:40.189983,0,searching,-79.00,0,-70.03,3,4,0.7
2024-11-18 10:39:40.189983,0,searching,-78.30,0,-70.03,3,4,0.7
2024-11-18 10:39:40.189983,0,searching,-77.60,0,-70.03,3,4,0.7
2024-11-18 10:39:40.189983,0,searching,-76.90,0,-70.02,3,4,0.7
2024-11-18 10:39:40.189983,0,searching,-76.20,0,-70.02,3,4,0.7
2024-11-18 10:39:40.189983,0,searching,-75.50,0,-70.02,3,4,0.7
2024-11-18 10:39:40.189983,0,searching,-74.80,0,-70.02,3,4,0.7
2024-11-18 10:39:40.189983,0,searching,-74.10,0,-70.01,3,4,0.7
2024-11-18 10:39:40.189983,0,searching,-73.40,0,-70.01,3,4,0.7
2024-11-18 10:39:40.189983,0,searching,-72.70,0,-70.01,3,4,0.7
2024-11-18 10:39:40.189983,0,searching,-72.00,0,-70.01,3,4,0.7
2024-11-18 10:39:40.189983,0,searching,-71.30,0,-70.00,3,4,0.7
2024-11-18 10:39:40.189983,0,searching,-70.60,0,-70.00,3,4,0.7
2024-11-18 10:39:40.189983,0,searching,-69.90,0,-70.00,4,5,0.7
2024-11-18 10:39:40.189983,0,searching,-69.90,0,-70.70,4,5,0.7
2024-11-18 10:39:40.189983,0,searching,-69.90,0,-71.40,4,5,0.7
2024-11-18 10:39:40.189983,0,searching,-69.91,0,-72.10,4,5,0.7
2024-11-18 10:39:40.189983,0,searching,-69.91,0,-72.80,4,5,0.7
2024-11-18 10:39:40.189983,0,searching,-69.91,0,-73.50,4,5,0.7
2024-11-18 10:39:40.189983,0,searching,-69.91,0,-74.20,4,5,0.7
2024-11-18 10:39:40.189983,0,searching,-69.92,0,-74.90,4,5,0.7
2024-11-18 10:39:40.189983,0,searching,-69.92,0,-75.60,4,5,0.7
2024-11-18 10:39:40.189983,0,searching,-69.92,0,-76.30,4,5,0.7
2024-11-18 10:39:40.189983,0,searching,-69.92,0,-77.00,4,5,0.7
2024-11-18 10:39:40.189983,0,searching,-69.93,0,-77.70,4,5,0.7
2024-11-18 10:39:40.189983,0,searching,-69.93,0,-78.40,4,5,0.7
2024-11-18 10:39:40.189983,0,searching,-69.93,0,-79.10,4,5,0.7
2024-11-18 10:39:40.189983,0,searching,-69.93,0,-79.80,4,5,0.7
2024-11-18 10:39:40.189983,0,searching,-69.94,0,-80.50,4,5,0.7
2024-11-18 10:39:40.189983,0,searching,-69.94,0,-81.20,4,5,0.7
2024-11-18 10:39:40.189983,0,searching,-69.94,0,-81.90,4,5,0.7
2024-11-18 10:39:40.189983,0,searching,-69.94,0,-82.60,4,5,0.7
2024-11-18 10:39:40.189983,0,searching,-69.94,0,-83.30,4,5,0.7
2024-11-18 10:39:40.189983,0,searching,-69.95,0,-84.00,4,5,0.7
2024-11-18 10:39:40.189983,0,searching,-69.95,0,-84.70,4,5,0.7
2024-11-18 10:39:40.189983,0,searching,-69.95,0,-85.40,4,5,0.7
2024-11-18 10:39:40.189983,0,searching,-69.95,0,-86.10,4,5,0.7
2024-11-18 10:39:40.189983,0,searching,-69.96,0,-86.80,4,5,0.7
2024-11-18 10:39:40.189983,0,searching,-69.96,0,-87.50,4,5,0.7
2024-11-18 10:39:40.189983,0,searching,-69.96,0,-88.20,4,5,0.7
2024-11-18 10:39:40.189983,0,searching,-69.96,0,-88.90,4,5,0.7
2024-11-18 10:39:40.189983,0,searching,-69.97,0,-89.60,4,5,0.7
2024-11-18 10:39:40.189983,0,searching,-69.97,0,-90.30,4,5,0.7
2024-11-18 10:39:40.189983,0,searching,-69.97,0,-91.00,4,5,0.7
2024-11-18 10:39:40.189983,0,searching,-69.97,0,-91.70,4,5,0.7
2024-11-18 10:39:40.189983,0,searching,-69.97,0,-92.40,4,5,0.7
2024-11-18 10:39:40.189983,0,searching,-69.98,0,-93.10,4,5,0.7
2024-11-18 10:39:40.189983,0,searching,-69.98,0,-93.80,4,5,0.7
2024-11-18 10:39:40.189983,0,searching,-69.98,0,-94.50,4,5,0.7
2024-11-18 10:39:40.189983,0,lifting,-69.98,0,-95.20,4,5,0.7
2024-11-18 10:39:40.189983,0,lifting,-69.98,0,-95.20,4,5,0.7
2024-11-18 10:39:40.189983,0,lifting,-69.98,0,-95.20,4,5,0.7
2024-11-18 10:39:40.190979,0,lifting,-69.98,0,-95.20,4,5,0.7
2024-11-18 10:39:40.190979,0,lifting,-69.98,0,-95.20,4,5,0.7
2024-11-18 10:39:40.190979,0,lifting,-69.98,0,-95.20,4,5,0.7
2024-11-18 10:39:40.190979,0,lifting,-69.98,0,-95.20,4,5,0.7
2024-11-18 10:39:40.190979,0,lifting,-69.98,0,-95.20,4,5,0.7
2024-11-18 10:39:40.190979,0,lifting,-69.98,0,-95.20,4,5,0.7
2024-11-18 10:39:40.190979,0,lifting,-69.98,0,-95.20,4,5,0.7
2024-11-18 10:39:40.190979,0,lifting,-69.98,0,-95.20,4,5,0.7
2024-11-18 10:39:40.190979,0,lifting,-69.98,0,-95.20,4,5,0.7
2024-11-18 10:39:40.190979,0,lifting,-69.98,0,-95.20,4,5,0.7
2024-11-18 10:39:40.190979,0,lifting,-69.98,0,-95.20,4,5,0.7
2024-11-18 10:39:40.190979,0,lifting,-69.98,0,-95.20,4,5,0.7
2024-11-18 10:39:40.190979,0,lifting,-69.98,0,-95.20,4,5,0.7
2024-11-18 10:39:40.190979,0,delivering,-69.98,0,-95.20,4,5,0.7
2024-11-18 10:39:40.190979,0,delivering,-69.28,0,-95.22,4,5,0.7
2024-11-18 10:39:40.190979,0,delivering,-68.58,0,-95.24,4,5,0.7
2024-11-18 10:39:40.190979,0,delivering,-67.88,0,-95.26,4,5,0.7
2024-11-18 10:39:40.190979,0,delivering,-67.19,0,-95.28,4,5,0.7
2024-11-18 10:39:40.190979,0,delivering,-66.49,0,-95.30,4,5,0.7
2024-11-18 10:39:40.190979,0,delivering,-65.79,0,-95.32,4,5,0.7
2024-11-18 10:39:40.190979,0,delivering,-65.09,0,-95.34,4,5,0.7
2024-11-18 10:39:40.190979,0,delivering,-64.39,0,-95.36,4,5,0.7
2024-11-18 10:39:40.190979,0,delivering,-63.69,0,-95.38,4,5,0.7
2024-11-18 10:39:40.190979,0,delivering,-62.99,0,-95.40,4,5,0.7
2024-11-18 10:39:40.190979,0,delivering,-62.29,0,-95.42,4,5,0.7
2024-11-18 10:39:40.190979,0,delivering,-61.59,0,-95.44,4,5,0.7
2024-11-18 10:39:40.190979,0,delivering,-60.89,0,-95.46,4,5,0.7
2024-11-18 10:39:40.190979,0,delivering,-60.19,0,-95.48,4,5,0.7
2024-11-18 10:39:40.190979,0,delivering,-59.49,0,-95.50,4,5,0.7
2024-11-18 10:39:40.190979,0,delivering,-58.79,0,-95.52,4,5,0.7
2024-11-18 10:39:40.190979,0,delivering,-58.09,0,-95.54,4,5,0.7
2024-11-18 10:39:40.190979,0,delivering,-57.39,0,-95.56,4,5,0.7
2024-11-18 10:39:40.190979,0,delivering,-56.69,0,-95.57,4,5,0.7
2024-11-18 10:39:40.190979,0,delivering,-55.99,0,-95.59,4,5,0.7
2024-11-18 10:39:40.190979,0,delivering,-55.29,0,-95.61,4,5,0.7
2024-11-18 10:39:40.190979,0,delivering,-54.59,0,-95.63,4,5,0.7
2024-11-18 10:39:40.190979,0,delivering,-53.89,0,-95.65,4,5,0.7
2024-11-18 10:39:40.190979,0,delivering,-53.19,0,-95.67,4,5,0.7
2024-11-18 10:39:40.190979,0,delivering,-52.49,0,-95.69,4,5,0.7
2024-11-18 10:39:40.190979,0,delivering,-51.79,0,-95.71,4,5,0.7
2024-11-18 10:39:40.190979,0,delivering,-51.09,0,-95.73,4,5,0.7
2024-11-18 10:39:40.190979,0,delivering,-50.39,0,-95.75,4,5,0.7
2024-11-18 10:39:40.190979,0,delivering,-49.69,0,-95.77,4,5,0.7
2024-11-18 10:39:40.190979,0,delivering,-48.99,0,-95.79,4,5,0.7
2024-11-18 10:39:40.190979,0,delivering,-48.29,0,-95.81,4,5,0.7
2024-11-18 10:39:40.190979,0,delivering,-47.59,0,-95.83,4,5,0.7
2024-11-18 10:39:40.190979,0,delivering,-46.89,0,-95.85,4,5,0.7
2024-11-18 10:39:40.190979,0,delivering,-46.19,0,-95.87,4,5,0.7
2024-11-18 10:39:40.190979,0,delivering,-45.49,0,-95.89,4,5,0.7
2024-11-18 10:39:40.190979,0,delivering,-44.79,0,-95.91,4,5,0.7
2024-11-18 10:39:40.191979,0,delivering,-44.09,0,-95.93,4,5,0.7
2024-11-18 10:39:40.191979,0,delivering,-43.39,0,-95.95,4,5,0.7
2024-11-18 10:39:40.191979,0,delivering,-42.69,0,-95.97,4,5,0.7
2024-11-18 10:39:40.191979,0,delivering,-42.00,0,-95.99,4,5,0.7
2024-11-18 10:39:40.191979,0,delivering,-41.30,0,-96.01,4,5,0.7
2024-11-18 10:39:40.191979,0,delivering,-40.60,0,-96.03,4,5,0.7
2024-11-18 10:39:40.191979,0,delivering,-39.90,0,-96.05,4,5,0.7
2024-11-18 10:39:40.191979,0,delivering,-39.20,0,-96.07,4,5,0.7
2024-11-18 10:39:40.191979,0,delivering,-38.50,0,-96.09,4,5,0.7
2024-11-18 10:39:40.191979,0,delivering,-37.80,0,-96.11,4,5,0.7
2024-11-18 10:39:40.191979,0,delivering,-37.10,0,-96.13,4,5,0.7
2024-11-18 10:39:40.191979,0,delivering,-36.40,0,-96.15,4,5,0.7
2024-11-18 10:39:40.191979,0,delivering,-35.70,0,-96.17,4,5,0.7
2024-11-18 10:39:40.191979,0,delivering,-35.00,0,-96.19,4,5,0.7
2024-11-18 10:39:40.191979,0,delivering,-34.30,0,-96.21,4,5,0.7
2024-11-18 10:39:40.191979,0,delivering,-33.60,0,-96.23,4,5,0.7
2024-11-18 10:39:40.191979,0,delivering,-32.90,0,-96.25,4,5,0.7
2024-11-18 10:39:40.191979,0,delivering,-32.20,0,-96.27,4,5,0.7
2024-11-18 10:39:40.191979,0,delivering,-31.50,0,-96.29,4,5,0.7
2024-11-18 10:39:40.191979,0,delivering,-30.80,0,-96.31,4,5,0.7
2024-11-18 10:39:40.191979,0,delivering,-30.10,0,-96.33,4,5,0.7
2024-11-18 10:39:40.191979,0,delivering,-29.40,0,-96.35,4,5,0.7
2024-11-18 10:39:40.191979,0,delivering,-28.70,0,-96.37,4,5,0.7
2024-11-18 10:39:40.191979,0,delivering,-28.00,0,-96.39,4,5,0.7
2024-11-18 10:39:40.191979,0,delivering,-27.30,0,-96.40,4,5,0.7
2024-11-18 10:39:40.191979,0,delivering,-26.60,0,-96.42,4,5,0.7
2024-11-18 10:39:40.191979,0,delivering,-25.90,0,-96.44,4,5,0.7
2024-11-18 10:39:40.191979,0,delivering,-25.20,0,-96.46,4,5,0.7
2024-11-18 10:39:40.191979,0,delivering,-24.50,0,-96.48,4,5,0.7
2024-11-18 10:39:40.191979,0,delivering,-23.80,0,-96.50,4,5,0.7
2024-11-18 10:39:40.191979,0,delivering,-23.10,0,-96.52,4,5,0.7
2024-11-18 10:39:40.191979,0,delivering,-22.40,0,-96.54,4,5,0.7
2024-11-18 10:39:40.191979,0,delivering,-21.70,0,-96.56,4,5,0.7
2024-11-18 10:39:40.191979,0,delivering,-21.00,0,-96.58,4,5,0.7
2024-11-18 10:39:40.191979,0,delivering,-20.30,0,-96.60,4,5,0.7
2024-11-18 10:39:40.191979,0,delivering,-19.60,0,-96.62,4,5,0.7
2024-11-18 10:39:40.191979,0,delivering,-18.90,0,-96.64,4,5,0.7
2024-11-18 10:39:40.191979,0,delivering,-18.20,0,-96.66,4,5,0.7
2024-11-18 10:39:40.191979,0,delivering,-17.50,0,-96.68,4,5,0.7
2024-11-18 10:39:40.191979,0,delivering,-16.81,0,-96.70,4,5,0.7
2024-11-18 10:39:40.191979,0,delivering,-16.11,0,-96.72,4,5,0.7
2024-11-18 10:39:40.191979,0,delivering,-15.41,0,-96.74,4,5,0.7
2024-11-18 10:39:40.191979,0,delivering,-14.71,0,-96.76,4,5,0.7
2024-11-18 10:39:40.191979,0,delivering,-14.01,0,-96.78,4,5,0.7
2024-11-18 10:39:40.191979,0,delivering,-13.31,0,-96.80,4,5,0.7
2024-11-18 10:39:40.191979,0,delivering,-12.61,0,-96.82,4,5,0.7
2024-11-18 10:39:40.191979,0,delivering,-11.91,0,-96.84,4,5,0.7
2024-11-18 10:39:40.191979,0,delivering,-11.21,0,-96.86,4,5,0.7
2024-11-18 10:39:40.191979,0,delivering,-10.51,0,-96.88,4,5,0.7
2024-11-18 10:39:40.191979,0,delivering,-9.81,0,-96.90,4,5,0.7
2024-11-18 10:39:40.191979,0,delivering,-9.11,0,-96.92,4,5,0.7
2024-11-18 10:39:40.191979,0,delivering,-8.41,0,-96.94,4,5,0.7
2024-11-18 10:39:40.191979,0,delivering,-7.71,0,-96.96,4,5,0.7
2024-11-18 10:39:40.191979,0,delivering,-7.01,0,-96.98,4,5,0.7
2024-11-18 10:39:40.191979,0,delivering,-6.31,0,-97.00,4,5,0.7
2024-11-18 10:39:40.191979,0,delivering,-5.61,0,-97.02,4,5,0.7
2024-11-18 10:39:40.191979,0,delivering,-4.91,0,-97.04,4,5,0.7
2024-11-18 10:39:40.191979,0,delivering,-4.21,0,-97.06,4,5,0.7
2024-11-18 10:39:40.191979,0,delivering,-3.51,0,-97.08,4,5,0.7
2024-11-18 10:39:40.191979,0,delivering,-2.81,0,-97.10,4,5,0.7
2024-11-18 10:39:40.191979,0,delivering,-2.11,0,-97.12,4,5,0.7
2024-11-18 10:39:40.191979,0,delivering,-1.41,0,-97.14,4,5,0.7
2024-11-18 10:39:40.191979,0,delivering,-0.71,0,-97.16,4,5,0.7
2024-11-18 10:39:40.192974,0,delivering,-0.01,0,-97.18,4,5,0.7
2024-11-18 10:39:40.192974,0,delivering,0.69,0,-97.20,4,5,0.7
2024-11-18 10:39:40.192974,0,delivering,1.39,0,-97.22,4,5,0.7
2024-11-18 10:39:40.192974,0,delivering,2.09,0,-97.23,4,5,0.7
2024-11-18 10:39:40.192974,0,delivering,2.79,0,-97.25,4,5,0.7
2024-11-18 10:39:40.192974,0,delivering,3.49,0,-97.27,4,5,0.7
2024-11-18 10:39:40.192974,0,delivering,4.19,0,-97.29,4,5,0.7
2024-11-18 10:39:40.192974,0,delivering,4.89,0,-97.31,4,5,0.7
2024-11-18 10:39:40.192974,0,delivering,5.59,0,-97.33,4,5,0.7
2024-11-18 10:39:40.192974,0,delivering,6.29,0,-97.35,4,5,0.7
2024-11-18 10:39:40.192974,0,delivering,6.99,0,-97.37,4,5,0.7
2024-11-18 10:39:40.192974,0,delivering,7.69,0,-97.39,4,5,0.7
2024-11-18 10:39:40.192974,0,delivering,8.38,0,-97.41,4,5,0.7
2024-11-18 10:39:40.192974,0,delivering,9.08,0,-97.43,4,5,0.7
2024-11-18 10:39:40.192974,0,delivering,9.78,0,-97.45,4,5,0.7
2024-11-18 10:39:40.192974,0,delivering,10.48,0,-97.47,4,5,0.7
2024-11-18 10:39:40.192974,0,delivering,11.18,0,-97.49,4,5,0.7
2024-11-18 10:39:40.192974,0,delivering,11.88,0,-97.51,4,5,0.7
2024-11-18 10:39:40.192974,0,delivering,12.58,0,-97.53,4,5,0.7
2024-11-18 10:39:40.192974,0,delivering,13.28,0,-97.55,4,5,0.7
2024-11-18 10:39:40.192974,0,delivering,13.98,0,-97.57,4,5,0.7
2024-11-18 10:39:40.192974,0,delivering,14.68,0,-97.59,4,5,0.7
2024-11-18 10:39:40.192974,0,delivering,15.38,0,-97.61,4,5,0.7
2024-11-18 10:39:40.192974,0,delivering,16.08,0,-97.63,4,5,0.7
2024-11-18 10:39:40.192974,0,delivering,16.78,0,-97.65,4,5,0.7
2024-11-18 10:39:40.192974,0,delivering,17.48,0,-97.67,4,5,0.7
2024-11-18 10:39:40.192974,0,delivering,18.18,0,-97.69,4,5,0.7
2024-11-18 10:39:40.192974,0,delivering,18.88,0,-97.71,4,5,0.7
2024-11-18 10:39:40.192974,0,delivering,19.58,0,-97.73,4,5,0.7
2024-11-18 10:39:40.192974,0,delivering,20.28,0,-97.75,4,5,0.7
2024-11-18 10:39:40.192974,0,delivering,20.98,0,-97.77,4,5,0.7
2024-11-18 10:39:40.192974,0,delivering,21.68,0,-97.79,4,5,0.7
2024-11-18 10:39:40.192974,0,delivering,22.38,0,-97.81,4,5,0.7
2024-11-18 10:39:40.192974,0,delivering,23.08,0,-97.83,4,5,0.7
2024-11-18 10:39:40.192974,0,delivering,23.78,0,-97.85,4,5,0.7
2024-11-18 10:39:40.192974,0,delivering,24.48,0,-97.87,4,5,0.7
2024-11-18 10:39:40.192974,0,delivering,25.18,0,-97.89,4,5,0.7
2024-11-18 10:39:40.192974,0,delivering,25.88,0,-97.91,4,5,0.7
2024-11-18 10:39:40.192974,0,delivering,26.58,0,-97.93,4,5,0.7
2024-11-18 10:39:40.192974,0,delivering,27.28,0,-97.95,4,5,0.7
2024-11-18 10:39:40.192974,0,delivering,27.98,0,-97.97,4,5,0.7
2024-11-18 10:39:40.192974,0,delivering,28.68,0,-97.99,4,5,0.7
2024-11-18 10:39:40.192974,0,delivering,29.38,0,-98.01,4,5,0.7
2024-11-18 10:39:40.192974,0,delivering,30.08,0,-98.03,4,5,0.7
2024-11-18 10:39:40.193978,0,delivering,30.78,0,-98.05,4,5,0.7
2024-11-18 10:39:40.193978,0,delivering,31.48,0,-98.06,4,5,0.7
2024-11-18 10:39:40.193978,0,delivering,32.18,0,-98.08,4,5,0.7
2024-11-18 10:39:40.193978,0,delivering,32.87,0,-98.10,4,5,0.7
2024-11-18 10:39:40.193978,0,delivering,33.57,0,-98.12,4,5,0.7
2024-11-18 10:39:40.193978,0,delivering,34.27,0,-98.14,4,5,0.7
2024-11-18 10:39:40.193978,0,delivering,34.97,0,-98.16,4,5,0.7
2024-11-18 10:39:40.193978,0,delivering,35.67,0,-98.18,4,5,0.7
2024-11-18 10:39:40.193978,0,delivering,36.37,0,-98.20,4,5,0.7
2024-11-18 10:39:40.193978,0,delivering,37.07,0,-98.22,4,5,0.7
2024-11-18 10:39:40.193978,0,delivering,37.77,0,-98.24,4,5,0.7
2024-11-18 10:39:40.193978,0,delivering,38.47,0,-98.26,4,5,0.7
2024-11-18 10:39:40.193978,0,delivering,39.17,0,-98.28,4,5,0.7
2024-11-18 10:39:40.193978,0,delivering,39.87,0,-98.30,4,5,0.7
2024-11-18 10:39:40.193978,0,delivering,40.57,0,-98.32,4,5,0.7
2024-11-18 10:39:40.193978,0,delivering,41.27,0,-98.34,4,5,0.7
2024-11-18 10:39:40.193978,0,delivering,41.97,0,-98.36,4,5,0.7
2024-11-18 10:39:40.193978,0,delivering,42.67,0,-98.38,4,5,0.7
2024-11-18 10:39:40.193978,0,delivering,43.37,0,-98.40,4,5,0.7
2024-11-18 10:39:40.193978,0,delivering,44.07,0,-98.42,4,5,0.7
2024-11-18 10:39:40.193978,0,delivering,44.77,0,-98.44,4,5,0.7
2024-11-18 10:39:40.193978,0,delivering,45.47,0,-98.46,4,5,0.7
2024-11-18 10:39:40.193978,0,delivering,46.17,0,-98.48,4,5,0.7
2024-11-18 10:39:40.193978,0,delivering,46.87,0,-98.50,4,5,0.7
2024-11-18 10:39:40.193978,0,delivering,47.57,0,-98.52,4,5,0.7
2024-11-18 10:39:40.193978,0,delivering,48.27,0,-98.54,4,5,0.7
2024-11-18 10:39:40.193978,0,delivering,48.97,0,-98.56,4,5,0.7
2024-11-18 10:39:40.193978,0,delivering,49.67,0,-98.58,4,5,0.7
2024-11-18 10:39:40.193978,0,delivering,50.37,0,-98.60,4,5,0.7
2024-11-18 10:39:40.193978,0,delivering,51.07,0,-98.62,4,5,0.7
2024-11-18 10:39:40.193978,0,delivering,51.77,0,-98.64,4,5,0.7
2024-11-18 10:39:40.193978,0,delivering,52.47,0,-98.66,4,5,0.7
2024-11-18 10:39:40.193978,0,delivering,53.17,0,-98.68,4,5,0.7
2024-11-18 10:39:40.193978,0,delivering,53.87,0,-98.70,4,5,0.7
2024-11-18 10:39:40.193978,0,delivering,54.57,0,-98.72,4,5,0.7
2024-11-18 10:39:40.193978,0,delivering,55.27,0,-98.74,4,5,0.7
2024-11-18 10:39:40.193978,0,delivering,55.97,0,-98.76,4,5,0.7
2024-11-18 10:39:40.193978,0,delivering,56.67,0,-98.78,4,5,0.7
2024-11-18 10:39:40.193978,0,delivering,57.37,0,-98.80,4,5,0.7
2024-11-18 10:39:40.193978,0,delivering,58.06,0,-98.82,4,5,0.7
2024-11-18 10:39:40.193978,0,delivering,58.76,0,-98.84,4,5,0.7
2024-11-18 10:39:40.193978,0,delivering,59.46,0,-98.86,4,5,0.7
2024-11-18 10:39:40.193978,0,delivering,60.16,0,-98.88,4,5,0.7
2024-11-18 10:39:40.193978,0,delivering,60.86,0,-98.89,4,5,0.7
2024-11-18 10:39:40.193978,0,delivering,61.56,0,-98.91,4,5,0.7
2024-11-18 10:39:40.193978,0,delivering,62.26,0,-98.93,4,5,0.7
2024-11-18 10:39:40.193978,0,delivering,62.96,0,-98.95,4,5,0.7
2024-11-18 10:39:40.193978,0,delivering,63.66,0,-98.97,4,5,0.7
2024-11-18 10:39:40.193978,0,delivering,64.36,0,-98.99,4,5,0.7
2024-11-18 10:39:40.193978,0,delivering,65.06,0,-99.01,4,5,0.7
2024-11-18 10:39:40.193978,0,delivering,65.76,0,-99.03,4,5,0.7
2024-11-18 10:39:40.193978,0,delivering,66.46,0,-99.05,4,5,0.7
2024-11-18 10:39:40.193978,0,delivering,67.16,0,-99.07,4,5,0.7
2024-11-18 10:39:40.193978,0,delivering,67.86,0,-99.09,4,5,0.7
2024-11-18 10:39:40.193978,0,delivering,68.56,0,-99.11,4,5,0.7
2024-11-18 10:39:40.193978,0,delivering,69.26,0,-99.13,4,5,0.7
2024-11-18 10:39:40.193978,0,delivering,69.96,0,-99.15,4,5,0.7
2024-11-18 10:39:40.193978,0,delivering,70.66,0,-99.17,4,5,0.7
2024-11-18 10:39:40.193978,0,delivering,71.36,0,-99.19,4,5,0.7
2024-11-18 10:39:40.195159,0,delivering,72.06,0,-99.21,4,5,0.7
2024-11-18 10:39:40.195159,0,delivering,72.76,0,-99.23,4,5,0.7
2024-11-18 10:39:40.195159,0,delivering,73.46,0,-99.25,4,5,0.7
2024-11-18 10:39:40.195159,0,delivering,74.16,0,-99.27,4,5,0.7
2024-11-18 10:39:40.195159,0,delivering,74.86,0,-99.29,4,5,0.7
2024-11-18 10:39:40.195159,0,delivering,75.56,0,-99.31,4,5,0.7
2024-11-18 10:39:40.195159,0,delivering,76.26,0,-99.33,4,5,0.7
2024-11-18 10:39:40.195159,0,delivering,76.96,0,-99.35,4,5,0.7
2024-11-18 10:39:40.195159,0,delivering,77.66,0,-99.37,4,5,0.7
2024-11-18 10:39:40.195159,0,delivering,78.36,0,-99.39,4,5,0.7
2024-11-18 10:39:40.195159,0,delivering,79.06,0,-99.41,4,5,0.7
2024-11-18 10:39:40.195159,0,delivering,79.76,0,-99.43,4,5,0.7
2024-11-18 10:39:40.195159,0,delivering,80.46,0,-99.45,4,5,0.7
2024-11-18 10:39:40.195159,0,delivering,81.16,0,-99.47,4,5,0.7
2024-11-18 10:39:40.195159,0,delivering,81.86,0,-99.49,4,5,0.7
2024-11-18 10:39:40.195159,0,delivering,82.56,0,-99.51,4,5,0.7
2024-11-18 10:39:40.195159,0,delivering,83.25,0,-99.53,4,5,0.7
2024-11-18 10:39:40.195159,0,delivering,83.95,0,-99.55,4,5,0.7
2024-11-18 10:39:40.195159,0,delivering,84.65,0,-99.57,4,5,0.7
2024-11-18 10:39:40.195159,0,delivering,85.35,0,-99.59,4,5,0.7
2024-11-18 10:39:40.195159,0,delivering,86.05,0,-99.61,4,5,0.7
2024-11-18 10:39:40.195159,0,delivering,86.75,0,-99.63,4,5,0.7
2024-11-18 10:39:40.195159,0,delivering,87.45,0,-99.65,4,5,0.7
2024-11-18 10:39:40.195159,0,delivering,88.15,0,-99.67,4,5,0.7
2024-11-18 10:39:40.195159,0,delivering,88.85,0,-99.69,4,5,0.7
2024-11-18 10:39:40.195159,0,delivering,89.55,0,-99.70,4,5,0.7
2024-11-18 10:39:40.195159,0,delivering,90.25,0,-99.72,4,5,0.7
2024-11-18 10:39:40.195159,0,dropping,90.25,0,-99.72,4,5,0.7
2024-11-18 10:39:40.195159,0,dropping,90.25,0,-99.72,4,5,0.7
2024-11-18 10:39:40.195159,0,dropping,90.25,0,-99.72,4,5,0.7
2024-11-18 10:39:40.195159,0,dropping,90.25,0,-99.72,4,5,0.7
2024-11-18 10:39:40.195159,0,dropping,90.25,0,-99.72,4,5,0.7
2024-11-18 10:39:40.195159,0,dropping,90.25,0,-99.72,4,5,0.7
2024-11-18 10:39:40.195159,0,dropping,90.25,0,-99.72,4,5,0.7
2024-11-18 10:39:40.195159,0,dropping,90.25,0,-99.72,4,5,0.7
2024-11-18 10:39:40.195698,0,dropping,90.25,0,-99.72,4,5,0.7
2024-11-18 10:39:40.195698,0,dropping,90.25,0,-99.72,4,5,0.7
2024-11-18 10:39:40.195698,0,dropping,90.25,0,-99.72,4,5,0.7
2024-11-18 10:39:40.195698,0,dropping,90.25,0,-99.72,4,5,0.7
2024-11-18 10:39:40.195698,0,dropping,90.25,0,-99.72,4,5,0.7
2024-11-18 10:39:40.195698,0,dropping,90.25,0,-99.72,4,5,0.7
2024-11-18 10:39:40.195698,0,dropping,90.25,0,-99.72,4,5,0.7
2024-11-18 10:39:40.195698,0,dropping,90.25,0,-99.72,4,5,0.7
2024-11-18 10:39:40.195698,0,searching,90.25,0,-99.72,0,1,0.7
2024-11-18 10:39:40.195698,0,searching,90.29,0,-99.03,0,1,0.7
2024-11-18 10:39:40.195698,0,searching,90.32,0,-98.33,0,1,0.7
2024-11-18 10:39:40.195698,0,searching,90.35,0,-97.63,0,1,0.7
2024-11-18 10:39:40.195698,0,searching,90.39,0,-96.93,0,1,0.7
2024-11-18 10:39:40.195698,0,searching,90.42,0,-96.23,0,1,0.7
2024-11-18 10:39:40.195698,0,searching,90.46,0,-95.53,0,1,0.7
2024-11-18 10:39:40.195698,0,searching,90.49,0,-94.83,0,1,0.7
2024-11-18 10:39:40.195698,0,searching,90.53,0,-94.13,0,1,0.7
2024-11-18 10:39:40.195698,0,searching,90.56,0,-93.43,0,1,0.7
2024-11-18 10:39:40.195698,0,searching,90.59,0,-92.73,0,1,0.7
2024-11-18 10:39:40.195698,0,searching,90.63,0,-92.03,0,1,0.7
2024-11-18 10:39:40.195698,0,searching,90.66,0,-91.33,0,1,0.7
2024-11-18 10:39:40.196203,0,searching,90.70,0,-90.64,0,1,0.7
2024-11-18 10:39:40.196203,0,searching,90.73,0,-89.94,0,1,0.7
2024-11-18 10:39:40.196203,0,searching,90.76,0,-89.24,0,1,0.7
2024-11-18 10:39:40.196203,0,searching,90.80,0,-88.54,0,1,0.7
2024-11-18 10:39:40.196203,0,searching,90.83,0,-87.84,0,1,0.7
2024-11-18 10:39:40.196203,0,searching,90.87,0,-87.14,0,1,0.7
2024-11-18 10:39:40.196203,0,searching,90.90,0,-86.44,0,1,0.7
2024-11-18 10:39:40.196203,0,searching,90.93,0,-85.74,0,1,0.7
2024-11-18 10:39:40.196203,0,searching,90.97,0,-85.04,0,1,0.7
2024-11-18 10:39:40.196203,0,searching,91.00,0,-84.34,0,1,0.7
2024-11-18 10:39:40.196203,0,searching,91.04,0,-83.64,0,1,0.7
2024-11-18 10:39:40.196203,0,searching,91.07,0,-82.94,0,1,0.7
2024-11-18 10:39:40.196203,0,searching,91.11,0,-82.25,0,1,0.7
2024-11-18 10:39:40.196203,0,searching,91.14,0,-81.55,0,1,0.7
2024-11-18 10:39:40.196203,0,searching,91.17,0,-80.85,0,1,0.7
2024-11-18 10:39:40.196203,0,searching,91.21,0,-80.15,0,1,0.7
2024-11-18 10:39:40.196203,0,searching,91.24,0,-79.45,0,1,0.7
2024-11-18 10:39:40.196203,0,searching,91.28,0,-78.75,0,1,0.7
2024-11-18 10:39:40.196203,0,searching,91.31,0,-78.05,0,1,0.7
2024-11-18 10:39:40.196203,0,searching,91.34,0,-77.35,0,1,0.7
2024-11-18 10:39:40.196203,0,searching,91.38,0,-76.65,0,1,0.7
2024-11-18 10:39:40.196203,0,searching,91.41,0,-75.95,0,1,0.7
2024-11-18 10:39:40.196203,0,searching,91.45,0,-75.25,0,1,0.7
2024-11-18 10:39:40.196203,0,searching,91.48,0,-74.55,0,1,0.7
2024-11-18 10:39:40.196203,0,searching,91.51,0,-73.86,0,1,0.7
2024-11-18 10:39:40.196203,0,searching,91.55,0,-73.16,0,1,0.7
2024-11-18 10:39:40.196203,0,searching,91.58,0,-72.46,0,1,0.7
2024-11-18 10:39:40.196203,0,searching,91.62,0,-71.76,0,1,0.7
2024-11-18 10:39:40.196203,0,searching,91.65,0,-71.06,0,1,0.7
2024-11-18 10:39:40.196203,0,searching,91.69,0,-70.36,0,1,0.7
2024-11-18 10:39:40.196203,0,searching,91.72,0,-69.66,0,1,0.7
2024-11-18 10:39:40.196203,0,searching,91.75,0,-68.96,0,1,0.7
2024-11-18 10:39:40.196203,0,searching,91.79,0,-68.26,0,1,0.7
2024-11-18 10:39:40.196203,0,searching,91.82,0,-67.56,0,1,0.7
2024-11-18 10:39:40.196203,0,searching,91.86,0,-66.86,0,1,0.7
2024-11-18 10:39:40.196203,0,searching,91.89,0,-66.16,0,1,0.7
2024-11-18 10:39:40.196203,0,searching,91.92,0,-65.47,0,1,0.7
2024-11-18 10:39:40.196203,0,searching,91.96,0,-64.77,0,1,0.7
2024-11-18 10:39:40.196203,0,searching,91.99,0,-64.07,0,1,0.7
2024-11-18 10:39:40.196203,0,searching,92.03,0,-63.37,0,1,0.7
2024-11-18 10:39:40.196203,0,searching,92.06,0,-62.67,0,1,0.7
2024-11-18 10:39:40.196203,0,searching,92.09,0,-61.97,0,1,0.7
2024-11-18 10:39:40.196203,0,searching,92.13,0,-61.27,0,1,0.7
2024-11-18 10:39:40.196203,0,searching,92.16,0,-60.57,0,1,0.7
2024-11-18 10:39:40.196203,0,searching,92.20,0,-59.87,0,1,0.7
2024-11-18 10:39:40.196203,0,searching,92.23,0,-59.17,0,1,0.7
2024-11-18 10:39:40.196203,0,searching,92.27,0,-58.47,0,1,0.7
2024-11-18 10:39:40.196203,0,searching,92.30,0,-57.77,0,1,0.7
2024-11-18 10:39:40.196203,0,searching,92.33,0,-57.08,0,1,0.7
2024-11-18 10:39:40.196203,0,searching,92.37,0,-56.38,0,1,0.7
2024-11-18 10:39:40.196203,0,searching,92.40,0,-55.68,0,1,0.7
2024-11-18 10:39:40.196203,0,searching,92.44,0,-54.98,0,1,0.7
2024-11-18 10:39:40.196203,0,searching,92.47,0,-54.28,0,1,0.7
2024-11-18 10:39:40.196203,0,searching,92.50,0,-53.58,0,1,0.7
2024-11-18 10:39:40.196203,0,searching,92.54,0,-52.88,0,1,0.7
2024-11-18 10:39:40.196203,0,searching,92.57,0,-52.18,0,1,0.7
2024-11-18 10:39:40.196203,0,searching,92.61,0,-51.48,0,1,0.7
2024-11-18 10:39:40.196203,0,searching,92.64,0,-50.78,0,1,0.7
2024-11-18 10:39:40.196203,0,searching,92.67,0,-50.08,0,1,0.7
2024-11-18 10:39:40.196203,0,searching,92.71,0,-49.38,0,1,0.7
2024-11-18 10:39:40.196203,0,searching,92.74,0,-48.69,0,1,0.7
2024-11-18 10:39:40.196203,0,searching,92.78,0,-47.99,0,1,0.7
2024-11-18 10:39:40.196203,0,searching,92.81,0,-47.29,0,1,0.7
2024-11-18 10:39:40.196203,0,searching,92.85,0,-46.59,0,1,0.7
2024-11-18 10:39:40.196203,0,searching,92.88,0,-45.89,0,1,0.7
2024-11-18 10:39:40.196203,0,searching,92.91,0,-45.19,0,1,0.7
2024-11-18 10:39:40.196203,0,searching,92.95,0,-44.49,0,1,0.7
2024-11-18 10:39:40.196203,0,searching,92.98,0,-43.79,0,1,0.7
2024-11-18 10:39:40.197240,0,searching,93.02,0,-43.09,0,1,0.7
2024-11-18 10:39:40.197240,0,searching,93.05,0,-42.39,0,1,0.7
2024-11-18 10:39:40.197240,0,searching,93.08,0,-41.69,0,1,0.7
2024-11-18 10:39:40.197240,0,searching,93.12,0,-40.99,0,1,0.7
2024-11-18 10:39:40.197240,0,searching,93.15,0,-40.30,0,1,0.7
2024-11-18 10:39:40.197240,0,searching,93.19,0,-39.60,0,1,0.7
2024-11-18 10:39:40.197240,0,searching,93.22,0,-38.90,0,1,0.7
2024-11-18 10:39:40.197240,0,searching,93.26,0,-38.20,0,1,0.7
2024-11-18 10:39:40.197240,0,searching,93.29,0,-37.50,0,1,0.7
2024-11-18 10:39:40.197240,0,searching,93.32,0,-36.80,0,1,0.7
2024-11-18 10:39:40.197240,0,searching,93.36,0,-36.10,0,1,0.7
2024-11-18 10:39:40.197240,0,searching,93.39,0,-35.40,0,1,0.7
2024-11-18 10:39:40.197240,0,searching,93.43,0,-34.70,0,1,0.7
2024-11-18 10:39:40.197240,0,searching,93.46,0,-34.00,0,1,0.7
2024-11-18 10:39:40.197240,0,searching,93.49,0,-33.30,0,1,0.7
2024-11-18 10:39:40.197240,0,searching,93.53,0,-32.60,0,1,0.7
2024-11-18 10:39:40.197240,0,searching,93.56,0,-31.91,0,1,0.7
2024-11-18 10:39:40.197240,0,searching,93.60,0,-31.21,0,1,0.7
2024-11-18 10:39:40.197240,0,searching,93.63,0,-30.51,0,1,0.7
2024-11-18 10:39:40.197240,0,searching,93.66,0,-29.81,0,1,0.7
2024-11-18 10:39:40.197240,0,searching,93.70,0,-29.11,0,1,0.7
2024-11-18 10:39:40.197240,0,searching,93.73,0,-28.41,0,1,0.7
2024-11-18 10:39:40.197240,0,searching,93.77,0,-27.71,0,1,0.7
2024-11-18 10:39:40.197240,0,searching,93.80,0,-27.01,0,1,0.7
2024-11-18 10:39:40.197240,0,searching,93.84,0,-26.31,0,1,0.7
2024-11-18 10:39:40.197240,0,searching,93.87,0,-25.61,0,1,0.7
2024-11-18 10:39:40.197240,0,searching,93.90,0,-24.91,0,1,0.7
2024-11-18 10:39:40.197240,0,searching,93.94,0,-24.21,0,1,0.7
2024-11-18 10:39:40.197240,0,searching,93.97,0,-23.52,0,1,0.7
2024-11-18 10:39:40.197240,0,searching,94.01,0,-22.82,0,1,0.7
2024-11-18 10:39:40.197240,0,searching,94.04,0,-22.12,0,1,0.7
2024-11-18 10:39:40.197240,0,searching,94.07,0,-21.42,0,1,0.7
2024-11-18 10:39:40.197240,0,searching,94.11,0,-20.72,0,1,0.7
2024-11-18 10:39:40.197240,0,searching,94.14,0,-20.02,0,1,0.7
2024-11-18 10:39:40.197240,0,searching,94.18,0,-19.32,0,1,0.7
2024-11-18 10:39:40.197240,0,searching,94.21,0,-18.62,0,1,0.7
2024-11-18 10:39:40.197240,0,searching,94.24,0,-17.92,0,1,0.7
2024-11-18 10:39:40.197240,0,searching,94.28,0,-17.22,0,1,0.7
2024-11-18 10:39:40.197240,0,searching,94.31,0,-16.52,0,1,0.7
2024-11-18 10:39:40.197240,0,searching,94.35,0,-15.82,0,1,0.7
2024-11-18 10:39:40.197240,0,searching,94.38,0,-15.13,0,1,0.7
2024-11-18 10:39:40.197240,0,searching,94.42,0,-14.43,0,1,0.7
2024-11-18 10:39:40.197240,0,searching,94.45,0,-13.73,0,1,0.7
2024-11-18 10:39:40.197240,0,searching,94.48,0,-13.03,0,1,0.7
2024-11-18 10:39:40.197240,0,searching,94.52,0,-12.33,0,1,0.7
2024-11-18 10:39:40.197240,0,searching,94.55,0,-11.63,0,1,0.7
2024-11-18 10:39:40.197240,0,searching,94.59,0,-10.93,0,1,0.7
2024-11-18 10:39:40.197240,0,searching,94.62,0,-10.23,0,1,0.7
2024-11-18 10:39:40.197240,0,searching,94.65,0,-9.53,0,1,0.7
2024-11-18 10:39:40.197240,0,searching,94.69,0,-8.83,0,1,0.7
2024-11-18 10:39:40.197240,0,searching,94.72,0,-8.13,0,1,0.7
2024-11-18 10:39:40.197240,0,searching,94.76,0,-7.43,0,1,0.7
2024-11-18 10:39:40.197240,0,searching,94.79,0,-6.74,0,1,0.7
2024-11-18 10:39:40.197240,0,searching,94.82,0,-6.04,0,1,0.7
2024-11-18 10:39:40.197240,0,searching,94.86,0,-5.34,0,1,0.7
2024-11-18 10:39:40.197240,0,searching,94.89,0,-4.64,0,1,0.7
2024-11-18 10:39:40.197240,0,searching,94.93,0,-3.94,0,1,0.7
2024-11-18 10:39:40.197240,0,searching,94.96,0,-3.24,0,1,0.7
2024-11-18 10:39:40.197240,0,searching,95.00,0,-2.54,0,1,0.7
2024-11-18 10:39:40.197240,0,searching,95.03,0,-1.84,0,1,0.7
2024-11-18 10:39:40.197240,0,searching,95.06,0,-1.14,0,1,0.7
2024-11-18 10:39:40.197240,0,searching,95.10,0,-0.44,0,1,0.7
2024-11-18 10:39:40.198233,0,searching,95.13,0,0.26,0,1,0.7
2024-11-18 10:39:40.198233,0,searching,95.17,0,0.96,0,1,0.7
2024-11-18 10:39:40.198233,0,searching,95.20,0,1.65,0,1,0.7
2024-11-18 10:39:40.198233,0,searching,95.23,0,2.35,0,1,0.7
2024-11-18 10:39:40.198233,0,searching,95.27,0,3.05,0,1,0.7
2024-11-18 10:39:40.198233,0,searching,95.30,0,3.75,0,1,0.7
2024-11-18 10:39:40.198233,0,searching,95.34,0,4.45,0,1,0.7
2024-11-18 10:39:40.198233,0,searching,95.37,0,5.15,0,1,0.7
2024-11-18 10:39:40.198233,0,searching,95.40,0,5.85,0,1,0.7
2024-11-18 10:39:40.198233,0,searching,95.44,0,6.55,0,1,0.7
2024-11-18 10:39:40.198233,0,searching,95.47,0,7.25,0,1,0.7
2024-11-18 10:39:40.198233,0,searching,95.51,0,7.95,0,1,0.7
2024-11-18 10:39:40.198233,0,searching,95.54,0,8.65,0,1,0.7
2024-11-18 10:39:40.198233,0,searching,95.58,0,9.35,0,1,0.7
2024-11-18 10:39:40.198233,0,searching,95.61,0,10.04,0,1,0.7
2024-11-18 10:39:40.198233,0,searching,95.64,0,10.74,0,1,0.7
2024-11-18 10:39:40.198233,0,searching,95.68,0,11.44,0,1,0.7
2024-11-18 10:39:40.198233,0,searching,95.71,0,12.14,0,1,0.7
2024-11-18 10:39:40.198233,0,searching,95.75,0,12.84,0,1,0.7
2024-11-18 10:39:40.198233,0,searching,95.78,0,13.54,0,1,0.7
2024-11-18 10:39:40.198233,0,searching,95.81,0,14.24,0,1,0.7
2024-11-18 10:39:40.198233,0,searching,95.85,0,14.94,0,1,0.7
2024-11-18 10:39:40.198233,0,searching,95.88,0,15.64,0,1,0.7
2024-11-18 10:39:40.198233,0,searching,95.92,0,16.34,0,1,0.7
2024-11-18 10:39:40.198233,0,searching,95.95,0,17.04,0,1,0.7
2024-11-18 10:39:40.198233,0,searching,95.98,0,17.74,0,1,0.7
2024-11-18 10:39:40.198233,0,searching,96.02,0,18.43,0,1,0.7
2024-11-18 10:39:40.198233,0,searching,96.05,0,19.13,0,1,0.7
2024-11-18 10:39:40.198233,0,searching,96.09,0,19.83,0,1,0.7
2024-11-18 10:39:40.198233,0,searching,96.12,0,20.53,0,1,0.7
2024-11-18 10:39:40.198233,0,searching,96.16,0,21.23,0,1,0.7
2024-11-18 10:39:40.198233,0,searching,96.19,0,21.93,0,1,0.7
2024-11-18 10:39:40.198233,0,searching,96.22,0,22.63,0,1,0.7
2024-11-18 10:39:40.198233,0,searching,96.26,0,23.33,0,1,0.7
2024-11-18 10:39:40.198233,0,searching,96.29,0,24.03,0,1,0.7
2024-11-18 10:39:40.198233,0,searching,96.33,0,24.73,0,1,0.7
2024-11-18 10:39:40.198233,0,searching,96.36,0,25.43,0,1,0.7
2024-11-18 10:39:40.198233,0,searching,96.39,0,26.13,0,1,0.7
2024-11-18 10:39:40.198233,0,searching,96.43,0,26.82,0,1,0.7
2024-11-18 10:39:40.198233,0,searching,96.46,0,27.52,0,1,0.7
2024-11-18 10:39:40.198233,0,searching,96.50,0,28.22,0,1,0.7
2024-11-18 10:39:40.198233,0,searching,96.53,0,28.92,0,1,0.7
2024-11-18 10:39:40.198233,0,searching,96.57,0,29.62,0,1,0.7
2024-11-18 10:39:40.198233,0,searching,96.60,0,30.32,0,1,0.7
2024-11-18 10:39:40.198233,0,searching,96.63,0,31.02,0,1,0.7
2024-11-18 10:39:40.198233,0,searching,96.67,0,31.72,0,1,0.7
2024-11-18 10:39:40.198233,0,searching,96.70,0,32.42,0,1,0.7
2024-11-18 10:39:40.198233,0,searching,96.74,0,33.12,0,1,0.7
2024-11-18 10:39:40.198233,0,searching,96.77,0,33.82,0,1,0.7
2024-11-18 10:39:40.198233,0,searching,96.80,0,34.52,0,1,0.7
2024-11-18 10:39:40.198233,0,searching,96.84,0,35.21,0,1,0.7
2024-11-18 10:39:40.198233,0,searching,96.87,0,35.91,0,1,0.7
2024-11-18 10:39:40.198233,0,searching,96.91,0,36.61,0,1,0.7
2024-11-18 10:39:40.198233,0,searching,96.94,0,37.31,0,1,0.7
2024-11-18 10:39:40.198233,0,searching,96.97,0,38.01,0,1,0.7
2024-11-18 10:39:40.198233,0,searching,97.01,0,38.71,0,1,0.7
2024-11-18 10:39:40.198233,0,searching,97.04,0,39.41,0,1,0.7
2024-11-18 10:39:40.198233,0,searching,97.08,0,40.11,0,1,0.7
2024-11-18 10:39:40.198233,0,searching,97.11,0,40.81,0,1,0.7
2024-11-18 10:39:40.198233,0,searching,97.15,0,41.51,0,1,0.7
2024-11-18 10:39:40.198233,0,searching,97.18,0,42.21,0,1,0.7
2024-11-18 10:39:40.198233,0,searching,97.21,0,42.91,0,1,0.7
2024-11-18 10:39:40.198233,0,searching,97.25,0,43.60,0,1,0.7
2024-11-18 10:39:40.198233,0,searching,97.28,0,44.30,0,1,0.7
2024-11-18 10:39:40.198233,0,searching,97.32,0,45.00,0,1,0.7
2024-11-18 10:39:40.198233,0,searching,97.35,0,45.70,0,1,0.7
2024-11-18 10:39:40.199609,0,searching,97.38,0,46.40,0,1,0.7
2024-11-18 10:39:40.199609,0,searching,97.42,0,47.10,0,1,0.7
2024-11-18 10:39:40.199609,0,searching,97.45,0,47.80,0,1,0.7
2024-11-18 10:39:40.199609,0,searching,97.49,0,48.50,0,1,0.7
2024-11-18 10:39:40.199609,0,searching,97.52,0,49.20,0,1,0.7
2024-11-18 10:39:40.199609,0,searching,97.55,0,49.90,0,1,0.7
2024-11-18 10:39:40.199609,0,searching,97.59,0,50.60,0,1,0.7
2024-11-18 10:39:40.199609,0,searching,97.62,0,51.30,0,1,0.7
2024-11-18 10:39:40.199609,0,searching,97.66,0,51.99,0,1,0.7
2024-11-18 10:39:40.199609,0,searching,97.69,0,52.69,0,1,0.7
2024-11-18 10:39:40.199609,0,searching,97.73,0,53.39,0,1,0.7
2024-11-18 10:39:40.199609,0,searching,97.76,0,54.09,0,1,0.7
2024-11-18 10:39:40.199609,0,searching,97.79,0,54.79,0,1,0.7
2024-11-18 10:39:40.199609,0,searching,97.83,0,55.49,0,1,0.7
2024-11-18 10:39:40.199609,0,searching,97.86,0,56.19,0,1,0.7
2024-11-18 10:39:40.199609,0,searching,97.90,0,56.89,0,1,0.7
2024-11-18 10:39:40.199609,0,searching,97.93,0,57.59,0,1,0.7
2024-11-18 10:39:40.199609,0,searching,97.96,0,58.29,0,1,0.7
2024-11-18 10:39:40.199609,0,searching,98.00,0,58.99,0,1,0.7
2024-11-18 10:39:40.199609,0,searching,98.03,0,59.69,0,1,0.7
2024-11-18 10:39:40.199609,0,searching,98.07,0,60.38,0,1,0.7
2024-11-18 10:39:40.199609,0,searching,98.10,0,61.08,0,1,0.7
2024-11-18 10:39:40.199609,0,searching,98.13,0,61.78,0,1,0.7
2024-11-18 10:39:40.199609,0,searching,98.17,0,62.48,0,1,0.7
2024-11-18 10:39:40.199609,0,searching,98.20,0,63.18,0,1,0.7
2024-11-18 10:39:40.199609,0,searching,98.24,0,63.88,0,1,0.7
2024-11-18 10:39:40.199609,0,searching,98.27,0,64.58,0,1,0.7
2024-11-18 10:39:40.199609,0,searching,98.31,0,65.28,0,1,0.7
2024-11-18 10:39:40.199609,0,searching,98.34,0,65.98,0,1,0.7
2024-11-18 10:39:40.199609,0,searching,98.37,0,66.68,0,1,0.7
2024-11-18 10:39:40.199609,0,searching,98.41,0,67.38,0,1,0.7
2024-11-18 10:39:40.199609,0,searching,98.44,0,68.08,0,1,0.7
2024-11-18 10:39:40.199609,0,searching,98.48,0,68.77,0,1,0.7
2024-11-18 10:39:40.199609,0,searching,98.51,0,69.47,0,1,0.7
2024-11-18 10:39:40.199609,0,searching,98.54,0,70.17,0,1,0.7
2024-11-18 10:39:40.200144,0,searching,98.58,0,70.87,0,1,0.7
2024-11-18 10:39:40.200144,0,searching,98.61,0,71.57,0,1,0.7
2024-11-18 10:39:40.200144,0,searching,98.65,0,72.27,0,1,0.7
2024-11-18 10:39:40.200144,0,searching,98.68,0,72.97,0,1,0.7
2024-11-18 10:39:40.200144,0,searching,98.71,0,73.67,0,1,0.7
2024-11-18 10:39:40.200144,0,searching,98.75,0,74.37,0,1,0.7
2024-11-18 10:39:40.200144,0,searching,98.78,0,75.07,0,1,0.7
2024-11-18 10:39:40.200144,0,searching,98.82,0,75.77,0,1,0.7
2024-11-18 10:39:40.200144,0,searching,98.85,0,76.47,0,1,0.7
2024-11-18 10:39:40.200144,0,searching,98.89,0,77.16,0,1,0.7
2024-11-18 10:39:40.200144,0,searching,98.92,0,77.86,0,1,0.7
2024-11-18 10:39:40.200144,0,searching,98.95,0,78.56,0,1,0.7
2024-11-18 10:39:40.200144,0,searching,98.99,0,79.26,0,1,0.7
2024-11-18 10:39:40.200144,0,searching,99.02,0,79.96,0,1,0.7
2024-11-18 10:39:40.200144,0,searching,99.06,0,80.66,0,1,0.7
2024-11-18 10:39:40.200144,0,searching,99.09,0,81.36,0,1,0.7
2024-11-18 10:39:40.200144,0,searching,99.12,0,82.06,0,1,0.7
2024-11-18 10:39:40.200144,0,searching,99.16,0,82.76,0,1,0.7
2024-11-18 10:39:40.200144,0,searching,99.19,0,83.46,0,1,0.7
2024-11-18 10:39:40.200144,0,searching,99.23,0,84.16,0,1,0.7
2024-11-18 10:39:40.200144,0,searching,99.26,0,84.86,0,1,0.7
2024-11-18 10:39:40.200144,0,searching,99.29,0,85.55,0,1,0.7
2024-11-18 10:39:40.200144,0,searching,99.33,0,86.25,0,1,0.7
2024-11-18 10:39:40.200144,0,searching,99.36,0,86.95,0,1,0.7
2024-11-18 10:39:40.200144,0,searching,99.40,0,87.65,0,1,0.7
2024-11-18 10:39:40.200144,0,searching,99.43,0,88.35,0,1,0.7
2024-11-18 10:39:40.200144,0,searching,99.47,0,89.05,0,1,0.7
2024-11-18 10:39:40.200144,0,searching,99.50,0,89.75,0,1,0.7
2024-11-18 10:39:40.200144,0,searching,99.53,0,90.45,0,1,0.7
2024-11-18 10:39:40.200144,0,searching,99.57,0,91.15,0,1,0.7
2024-11-18 10:39:40.200144,0,searching,99.60,0,91.85,0,1,0.7
2024-11-18 10:39:40.200144,0,searching,99.64,0,92.55,0,1,0.7
2024-11-18 10:39:40.200144,0,searching,99.67,0,93.25,0,1,0.7
2024-11-18 10:39:40.200144,0,searching,99.70,0,93.94,0,1,0.7
2024-11-18 10:39:40.200144,0,searching,99.74,0,94.64,0,1,0.7
2024-11-18 10:39:40.200144,0,searching,99.77,0,95.34,0,1,0.7
2024-11-18 10:39:40.200144,0,searching,99.81,0,96.04,0,1,0.7
2024-11-18 10:39:40.200144,0,searching,99.84,0,96.74,0,1,0.7
2024-11-18 10:39:40.200144,0,searching,99.88,0,97.44,0,1,0.7
2024-11-18 10:39:40.200144,0,searching,99.91,0,98.14,0,1,0.7
2024-11-18 10:39:40.200144,0,searching,99.94,0,98.84,0,1,0.7
2024-11-18 10:39:40.200144,0,searching,99.98,0,99.54,0,1,0.7
2024-11-18 10:39:40.200144,0,searching,100.01,0,100.24,1,2,0.7
2024-11-18 10:39:40.200144,0,searching,99.31,0,100.24,1,2,0.7
2024-11-18 10:39:40.200144,0,searching,98.61,0,100.24,1,2,0.7
2024-11-18 10:39:40.200144,0,searching,97.91,0,100.23,1,2,0.7
2024-11-18 10:39:40.200144,0,searching,97.21,0,100.23,1,2,0.7
2024-11-18 10:39:40.200144,0,searching,96.51,0,100.23,1,2,0.7
2024-11-18 10:39:40.200144,0,searching,95.81,0,100.23,1,2,0.7
2024-11-18 10:39:40.200144,0,searching,95.11,0,100.23,1,2,0.7
2024-11-18 10:39:40.200144,0,searching,94.41,0,100.23,1,2,0.7
2024-11-18 10:39:40.200144,0,searching,93.71,0,100.23,1,2,0.7
2024-11-18 10:39:40.200144,0,searching,93.01,0,100.23,1,2,0.7
2024-11-18 10:39:40.200144,0,searching,92.31,0,100.23,1,2,0.7
2024-11-18 10:39:40.200144,0,searching,91.61,0,100.23,1,2,0.7
2024-11-18 10:39:40.200144,0,searching,90.91,0,100.23,1,2,0.7
2024-11-18 10:39:40.200144,0,searching,90.21,0,100.23,1,2,0.7
2024-11-18 10:39:40.200144,0,searching,89.51,0,100.22,1,2,0.7
2024-11-18 10:39:40.200144,0,searching,88.81,0,100.22,1,2,0.7
2024-11-18 10:39:40.200144,0,searching,88.11,0,100.22,1,2,0.7
2024-11-18 10:39:40.200144,0,searching,87.41,0,100.22,1,2,0.7
2024-11-18 10:39:40.200144,0,searching,86.71,0,100.22,1,2,0.7
2024-11-18 10:39:40.200144,0,searching,86.01,0,100.22,1,2,0.7
2024-11-18 10:39:40.200144,0,searching,85.31,0,100.22,1,2,0.7
2024-11-18 10:39:40.201174,0,searching,84.61,0,100.22,1,2,0.7
2024-11-18 10:39:40.201174,0,searching,83.91,0,100.22,1,2,0.7
2024-11-18 10:39:40.201174,0,searching,83.21,0,100.22,1,2,0.7
2024-11-18 10:39:40.201174,0,searching,82.51,0,100.22,1,2,0.7
2024-11-18 10:39:40.201174,0,searching,81.81,0,100.22,1,2,0.7
2024-11-18 10:39:40.201174,0,searching,81.11,0,100.21,1,2,0.7
2024-11-18 10:39:40.201174,0,searching,80.41,0,100.21,1,2,0.7
2024-11-18 10:39:40.201174,0,searching,79.71,0,100.21,1,2,0.7
